instanceType,memoryPerInstance-GiB,vCpuPerInstance,gPuPerInstance,gPuType,gPuMemory-GiB,cPuType,cPuClockSpeed
t4g.nano,0.5,2,0,,0,AWS Graviton2 Processor,2.5 GHz
t3a.nano,0.5,2,0,,0,AMD EPYC 7571,2.5 GHz
t3.nano,0.5,2,0,,0,Intel Skylake E5 2686 v5,3.1 GHz
t2.nano,0.5,1,0,,0,Intel Xeon Family,Up to 3.3 GHz
t4g.micro,1,2,0,,0,AWS Graviton2 Processor,2.5 GHz
t3a.micro,1,2,0,,0,AMD EPYC 7571,2.5 GHz
t3.micro,1,2,0,,0,Intel Skylake E5 2686 v5,3.1 GHz
t2.micro,1,1,0,,0,Intel Xeon Family,Up to 3.3 GHz
t4g.small,2,2,0,,0,AWS Graviton2 Processor,2.5 GHz
t3a.small,2,2,0,,0,AMD EPYC 7571,2.5 GHz
t1.micro,0.613,1,0,,0,Variable,unknown
t3.small,2,2,0,,0,Intel Skylake E5 2686 v5,3.1 GHz
t2.small,2,1,0,,0,Intel Xeon Family,Up to 3.3 GHz
a1.medium,2,1,0,,0,AWS Graviton Processor,2.3 GHz
t4g.medium,4,2,0,,0,AWS Graviton2 Processor,2.5 GHz
c6g.medium,2,1,0,,0,AWS Graviton2 Processor,2.5 GHz
c7g.medium,2,1,0,,0,AWS Graviton3 Processor,2.5 GHz
t3a.medium,4,2,0,,0,AMD EPYC 7571,2.5 GHz
c6gd.medium,2,1,0,,0,AWS Graviton2 Processor,2.5 GHz
m6g.medium,4,1,0,,0,AWS Graviton2 Processor,unknown
c8g.medium,2,1,0,,0,AWS Graviton4 Processor,2.7 GHz
m7g.medium,4,1,0,,0,AWS Graviton3 Processor,2.5 GHz
t3.medium,4,2,0,,0,Intel Skylake E5 2686 v5,3.1 GHz
c6gn.medium,2,1,0,,0,AWS Graviton2 Processor,2.5 GHz
m1.small,1.7,1,0,,0,Intel Xeon Family,unknown
m8g.medium,4,1,0,,0,AWS Graviton4 Processor,2.7 GHz
m6gd.medium,4,1,0,,0,AWS Graviton2 Processor,2.5 GHz
c7gd.medium,2,1,0,,0,AWS Graviton3 Processor,2.5 GHz
t2.medium,4,2,0,,0,Intel Xeon Family,Up to 3.3 GHz
r6g.medium,8,1,0,,0,AWS Graviton2 Processor,2.5 GHz
a1.large,4,2,0,,0,AWS Graviton Processor,2.3 GHz
c7a.medium,2,1,0,,0,AMD EPYC 9R14 Processor,Up to 3.7 GHz
m7gd.medium,4,1,0,,0,AWS Graviton3 Processor,2.5 GHz
r7g.medium,8,1,0,,0,AWS Graviton3 Processor,2.5 GHz
r6gd.medium,8,1,0,,0,AWS Graviton2 Processor,2.5 GHz
m7a.medium,4,1,0,,0,AMD EPYC 9R14 Processor,Up to 3.7 GHz
r8g.medium,8,1,0,,0,AWS Graviton4 Processor,2.7 GHz
c7gn.medium,2,1,0,,0,AWS Graviton3 Processor,2.6 GHz
m3.medium,3.75,1,0,,0,Intel Xeon E5-2670 v2 (Ivy Bridge/Sandy Bridge),2.5 GHz
t4g.large,8,2,0,,0,AWS Graviton2 Processor,2.5 GHz
r7gd.medium,8,1,0,,0,AWS Graviton3 Processor,2.5 GHz
c6g.large,4,2,0,,0,AWS Graviton2 Processor,2.5 GHz
c7g.large,4,2,0,,0,AWS Graviton3 Processor,2.5 GHz
t3a.large,8,2,0,,0,AMD EPYC 7571,2.5 GHz
r7a.medium,8,1,0,,0,AMD EPYC 9R14 Processor,Up to 3.7 GHz
c6a.large,4,2,0,,0,AMD EPYC 7R13 Processor,3.6 GHz
c6gd.large,4,2,0,,0,AWS Graviton2 Processor,2.5 GHz
m6g.large,8,2,0,,0,AWS Graviton2 Processor,unknown
c5a.large,4,2,0,,0,AMD EPYC 7R32,3.3 GHz
c8g.large,4,2,0,,0,AWS Graviton4 Processor,2.7 GHz
m7g.large,8,2,0,,0,AWS Graviton3 Processor,2.5 GHz
t3.large,8,2,0,,0,Intel Skylake E5 2686 v5,3.1 GHz
x2gd.medium,16,1,0,,0,AWS Graviton2 Processor,2.5 GHz
c7i-flex.large,4,2,0,,0,Intel Xeon Scalable (Sapphire Rapids),3.2 GHz
c6i.large,4,2,0,,0,Intel Xeon 8375C (Ice Lake),3.5 GHz
c5.large,4,2,0,,0,Intel Xeon Platinum 8124M,3.4 GHz
c5ad.large,4,2,0,,0,AMD EPYC 7R32,3.3 GHz
m5a.large,8,2,0,,0,AMD EPYC 7571,2.5 GHz
m6a.large,8,2,0,,0,AMD EPYC 7R13 Processor,3.6 GHz
c6gn.large,4,2,0,,0,AWS Graviton2 Processor,2.5 GHz
m1.medium,3.75,1,0,,0,Intel Xeon Family,unknown
c7i.large,4,2,0,,0,Intel Xeon Scalable (Sapphire Rapids),3.2 GHz
m8g.large,8,2,0,,0,AWS Graviton4 Processor,2.7 GHz
m6gd.large,8,2,0,,0,AWS Graviton2 Processor,2.5 GHz
c7gd.large,4,2,0,,0,AWS Graviton3 Processor,2.5 GHz
t2.large,8,2,0,,0,Intel Xeon Family,Up to 3.3 GHz
m7i-flex.large,8,2,0,,0,Intel Xeon Scalable (Sapphire Rapids),3.5 GHz
m6i.large,8,2,0,,0,Intel Xeon 8375C (Ice Lake),3.5 GHz
c5d.large,4,2,0,,0,Intel Xeon Platinum 8124M,3.4 GHz
m5.large,8,2,0,,0,Intel Xeon Platinum 8175,3.1 GHz
x8g.medium,16,1,0,,0,AWS Graviton4 Processor,2.7 GHz
c4.large,3.75,2,0,,0,Intel Xeon E5-2666 v3 (Haswell),2.9 GHz
m4.large,8,2,0,,0,Intel Xeon E5-2676 v3 (Haswell),2.4 GHz
c6id.large,4,2,0,,0,Intel Xeon 8375C (Ice Lake),3.5 GHz
m7i.large,8,2,0,,0,Intel Xeon Scalable (Sapphire Rapids),3.2 GHz
r6g.large,16,2,0,,0,AWS Graviton2 Processor,2.5 GHz
a1.xlarge,8,4,0,,0,AWS Graviton Processor,2.3 GHz
c7a.large,4,2,0,,0,AMD EPYC 9R14 Processor,Up to 3.7 GHz
m5ad.large,8,2,0,,0,AMD EPYC 7571,2.5 GHz
c3.large,3.75,2,0,,0,Intel Xeon E5-2680 v2 (Ivy Bridge),2.8 GHz
m7gd.large,8,2,0,,0,AWS Graviton3 Processor,2.5 GHz
r7g.large,16,2,0,,0,AWS Graviton3 Processor,2.5 GHz
c5n.large,5.25,2,0,,0,Intel Xeon Platinum 8124M,3 GHz
r5a.large,16,2,0,,0,AMD EPYC 7571,2.5 GHz
m5d.large,8,2,0,,0,Intel Xeon Platinum 8175,3.1 GHz
r6a.large,16,2,0,,0,AMD EPYC 7R13 Processor,3.6 GHz
c6in.large,4,2,0,,0,Intel Xeon 8375C (Ice Lake),3.5 GHz
r6gd.large,16,2,0,,0,AWS Graviton2 Processor,2.5 GHz
m7a.large,8,2,0,,0,AMD EPYC 9R14 Processor,Up to 3.7 GHz
r8g.large,16,2,0,,0,AWS Graviton4 Processor,2.7 GHz
m6id.large,8,2,0,,0,Intel Xeon 8375C (Ice Lake),3.5 GHz
m5n.large,8,2,0,,0,Intel Xeon Platinum 8259 (Cascade Lake),3.1 GHz
c7gn.large,4,2,0,,0,AWS Graviton3 Processor,2.6 GHz
r6i.large,16,2,0,,0,Intel Xeon 8375C (Ice Lake),3.5 GHz
r5.large,16,2,0,,0,Intel Xeon Platinum 8175,3.1 GHz
c1.medium,1.7,2,0,,0,Intel Xeon Family,unknown
r5ad.large,16,2,0,,0,AMD EPYC 7571,2.5 GHz
r7i.large,16,2,0,,0,Intel Xeon Scalable (Sapphire Rapids),3.2 GHz
r4.large,15.25,2,0,,0,Intel Xeon E5-2686 v4 (Broadwell),2.3 GHz
m3.large,7.5,2,0,,0,Intel Xeon E5-2670 v2 (Ivy Bridge/Sandy Bridge),2.5 GHz
t4g.xlarge,16,4,0,,0,AWS Graviton2 Processor,2.5 GHz
c6g.xlarge,8,4,0,,0,AWS Graviton2 Processor,2.5 GHz
m5dn.large,8,2,0,,0,Intel Xeon Platinum 8259 (Cascade Lake),3.1 GHz
r7gd.large,16,2,0,,0,AWS Graviton3 Processor,2.5 GHz
m6in.large,8,2,0,,0,Intel Xeon 8375C (Ice Lake),3.5 GHz
r5d.large,16,2,0,,0,Intel Xeon Platinum 8175,3.1 GHz
is4gen.medium,6,1,0,,0,AWS Graviton2 Processor,2.5 GHz
c7g.xlarge,8,4,0,,0,AWS Graviton3 Processor,2.5 GHz
r5b.large,16,2,0,,0,Intel Xeon Platinum 8259 (Cascade Lake),3.1 GHz
r5n.large,16,2,0,,0,Intel Xeon Platinum 8259 (Cascade Lake),2.5 GHz
t3a.xlarge,16,4,0,,0,AMD EPYC 7571,2.5 GHz
r6id.large,16,2,0,,0,Intel Xeon 8375C (Ice Lake),3.5 GHz
r7a.large,16,2,0,,0,AMD EPYC 9R14 Processor,Up to 3.7 GHz
c6a.xlarge,8,4,0,,0,AMD EPYC 7R13 Processor,3.6 GHz
c6gd.xlarge,8,4,0,,0,AWS Graviton2 Processor,2.5 GHz
c5a.xlarge,8,4,0,,0,AMD EPYC 7R32,3.3 GHz
m6g.xlarge,16,4,0,,0,AWS Graviton2 Processor,unknown
i4g.large,16,2,0,,0,AWS Graviton2 Processor,2.5 GHz
i3.large,15.25,2,0,,0,Intel Xeon E5-2686 v4 (Broadwell),2.3 GHz
m6idn.large,8,2,0,,0,Intel Xeon 8375C (Ice Lake),3.5 GHz
c8g.xlarge,8,4,0,,0,AWS Graviton4 Processor,2.7 GHz
m7g.xlarge,16,4,0,,0,AWS Graviton3 Processor,2.5 GHz
m5zn.large,8,2,0,,0,Intel Xeon Platinum 8252,4.5 GHz
r3.large,15.25,2,0,,0,Intel Xeon E5-2670 v2 (Ivy Bridge),2.5 GHz
t3.xlarge,16,4,0,,0,Intel Skylake E5 2686 v5,3.1 GHz
r5dn.large,16,2,0,,0,Intel Xeon Platinum 8259 (Cascade Lake),3.1 GHz
x2gd.large,32,2,0,,0,AWS Graviton2 Processor,2.5 GHz
c7i-flex.xlarge,8,4,0,,0,Intel Xeon Scalable (Sapphire Rapids),3.2 GHz
c5.xlarge,8,4,0,,0,Intel Xeon Platinum 8124M,3.4 GHz
c6i.xlarge,8,4,0,,0,Intel Xeon 8375C (Ice Lake),3.5 GHz
i8g.large,16,2,0,,0,AWS Graviton4 Processor,2.7 GHz
m5a.xlarge,16,4,0,,0,AMD EPYC 7571,2.5 GHz
c5ad.xlarge,8,4,0,,0,AMD EPYC 7R32,3.3 GHz
i4i.large,16,2,0,,0,Intel Xeon 8375C (Ice Lake),3.5 GHz
m6a.xlarge,16,4,0,,0,AMD EPYC 7R13 Processor,3.6 GHz
c6gn.xlarge,8,4,0,,0,AWS Graviton2 Processor,2.5 GHz
r6in.large,16,2,0,,0,Intel Xeon 8375C (Ice Lake),3.5 GHz
m1.large,7.5,2,0,,0,Intel Xeon Family,unknown
c7i.xlarge,8,4,0,,0,Intel Xeon Scalable (Sapphire Rapids),3.2 GHz
m8g.xlarge,16,4,0,,0,AWS Graviton4 Processor,2.7 GHz
m6gd.xlarge,16,4,0,,0,AWS Graviton2 Processor,2.5 GHz
c7gd.xlarge,8,4,0,,0,AWS Graviton3 Processor,2.5 GHz
im4gn.large,8,2,0,,0,AWS Graviton2 Processor,2.5 GHz
t2.xlarge,16,4,0,,0,Intel Xeon Family,Up to 3.3 GHz
z1d.large,16,2,0,,0,Intel Xeon Platinum 8151,4 GHz
r7iz.large,16,2,0,,0,Intel Xeon Scalable (Sapphire Rapids),3.9 GHz
m7i-flex.xlarge,16,4,0,,0,Intel Xeon Scalable (Sapphire Rapids),3.5 GHz
m5.xlarge,16,4,0,,0,Intel Xeon Platinum 8175,3.1 GHz
m6i.xlarge,16,4,0,,0,Intel Xeon 8375C (Ice Lake),3.5 GHz
c5d.xlarge,8,4,0,,0,Intel Xeon Platinum 8124M,3.4 GHz
r6idn.large,16,2,0,,0,Intel Xeon 8375C (Ice Lake),3.5 GHz
x8g.large,32,2,0,,0,AWS Graviton4 Processor,2.7 GHz
c4.xlarge,7.5,4,0,,0,Intel Xeon E5-2666 v3 (Haswell),2.9 GHz
m4.xlarge,16,4,0,,0,Intel Xeon E5-2676 v3 (Haswell),2.4 GHz
m7i.xlarge,16,4,0,,0,Intel Xeon Scalable (Sapphire Rapids),3.2 GHz
c6id.xlarge,8,4,0,,0,Intel Xeon 8375C (Ice Lake),3.5 GHz
r6g.xlarge,32,4,0,,0,AWS Graviton2 Processor,2.5 GHz
a1.2xlarge,16,8,0,,0,AWS Graviton Processor,2.3 GHz
c7a.xlarge,8,4,0,,0,AMD EPYC 9R14 Processor,Up to 3.7 GHz
m5ad.xlarge,16,4,0,,0,AMD EPYC 7571,2.5 GHz
c3.xlarge,7.5,4,0,,0,Intel Xeon E5-2680 v2 (Ivy Bridge),2.8 GHz
m7gd.xlarge,16,4,0,,0,AWS Graviton3 Processor,2.5 GHz
r7g.xlarge,32,4,0,,0,AWS Graviton3 Processor,2.5 GHz
c5n.xlarge,10.5,4,0,,0,Intel Xeon Platinum 8124M,3 GHz
i3en.large,16,2,0,,0,Intel Xeon Platinum 8175,3.1 GHz
r5a.xlarge,32,4,0,,0,AMD EPYC 7571,2.5 GHz
m5d.xlarge,16,4,0,,0,Intel Xeon Platinum 8175,3.1 GHz
r6a.xlarge,32,4,0,,0,AMD EPYC 7R13 Processor,3.6 GHz
c6in.xlarge,8,4,0,,0,Intel Xeon 8375C (Ice Lake),3.5 GHz
inf1.xlarge,8,4,1,AWS Inferentia,0,Intel Xeon Platinum 8275CL (Cascade Lake),unknown
r6gd.xlarge,32,4,0,,0,AWS Graviton2 Processor,2.5 GHz
m7a.xlarge,16,4,0,,0,AMD EPYC 9R14 Processor,Up to 3.7 GHz
r8g.xlarge,32,4,0,,0,AWS Graviton4 Processor,2.7 GHz
m6id.xlarge,16,4,0,,0,Intel Xeon 8375C (Ice Lake),3.5 GHz
m5n.xlarge,16,4,0,,0,Intel Xeon Platinum 8259 (Cascade Lake),3.1 GHz
m2.xlarge,17.1,2,0,,0,Intel Xeon Family,unknown
c7gn.xlarge,8,4,0,,0,AWS Graviton3 Processor,2.6 GHz
r6i.xlarge,32,4,0,,0,Intel Xeon 8375C (Ice Lake),3.5 GHz
r5.xlarge,32,4,0,,0,Intel Xeon Platinum 8175,3.1 GHz
i7ie.large,16,2,0,,0,Intel Xeon Scalable (Emerald Rapids),4 GHz
r5ad.xlarge,32,4,0,,0,AMD EPYC 7571,2.5 GHz
r7i.xlarge,32,4,0,,0,Intel Xeon Scalable (Sapphire Rapids),3.2 GHz
r4.xlarge,30.5,4,0,,0,Intel Xeon E5-2686 v4 (Broadwell),2.3 GHz
m3.xlarge,15,4,0,,0,Intel Xeon E5-2670 v2 (Ivy Bridge/Sandy Bridge),2.5 GHz
t4g.2xlarge,32,8,0,,0,AWS Graviton2 Processor,2.5 GHz
m5dn.xlarge,16,4,0,,0,Intel Xeon Platinum 8259 (Cascade Lake),3.1 GHz
c6g.2xlarge,16,8,0,,0,AWS Graviton2 Processor,2.5 GHz
r7gd.xlarge,32,4,0,,0,AWS Graviton3 Processor,2.5 GHz
m6in.xlarge,16,4,0,,0,Intel Xeon 8375C (Ice Lake),3.5 GHz
r5d.xlarge,32,4,0,,0,Intel Xeon Platinum 8175,3.1 GHz
is4gen.large,12,2,0,,0,AWS Graviton2 Processor,2.5 GHz
c7g.2xlarge,16,8,0,,0,AWS Graviton3 Processor,2.5 GHz
r5n.xlarge,32,4,0,,0,Intel Xeon Platinum 8259 (Cascade Lake),2.5 GHz
r5b.xlarge,32,4,0,,0,Intel Xeon Platinum 8259 (Cascade Lake),3.1 GHz
t3a.2xlarge,32,8,0,,0,AMD EPYC 7571,2.5 GHz
r6id.xlarge,32,4,0,,0,Intel Xeon 8375C (Ice Lake),3.5 GHz
r7a.xlarge,32,4,0,,0,AMD EPYC 9R14 Processor,Up to 3.7 GHz
c6a.2xlarge,16,8,0,,0,AMD EPYC 7R13 Processor,3.6 GHz
c6gd.2xlarge,16,8,0,,0,AWS Graviton2 Processor,2.5 GHz
m6g.2xlarge,32,8,0,,0,AWS Graviton2 Processor,unknown
c5a.2xlarge,16,8,0,,0,AMD EPYC 7R32,3.3 GHz
i4g.xlarge,32,4,0,,0,AWS Graviton2 Processor,2.5 GHz
i3.xlarge,30.5,4,0,,0,Intel Xeon E5-2686 v4 (Broadwell),2.3 GHz
m6idn.xlarge,16,4,0,,0,Intel Xeon 8375C (Ice Lake),3.5 GHz
c8g.2xlarge,16,8,0,,0,AWS Graviton4 Processor,2.7 GHz
m7g.2xlarge,32,8,0,,0,AWS Graviton3 Processor,2.5 GHz
m5zn.xlarge,16,4,0,,0,Intel Xeon Platinum 8252,4.5 GHz
t3.2xlarge,32,8,0,,0,Intel Skylake E5 2686 v5,3.1 GHz
r3.xlarge,30.5,4,0,,0,Intel Xeon E5-2670 v2 (Ivy Bridge),2.5 GHz
r5dn.xlarge,32,4,0,,0,Intel Xeon Platinum 8259 (Cascade Lake),3.1 GHz
x2gd.xlarge,64,4,0,,0,AWS Graviton2 Processor,2.5 GHz
c7i-flex.2xlarge,16,8,0,,0,Intel Xeon Scalable (Sapphire Rapids),3.2 GHz
c5.2xlarge,16,8,0,,0,Intel Xeon Platinum 8124M,3.4 GHz
c6i.2xlarge,16,8,0,,0,Intel Xeon 8375C (Ice Lake),3.5 GHz
i4i.xlarge,32,4,0,,0,Intel Xeon 8375C (Ice Lake),3.5 GHz
i8g.xlarge,32,4,0,,0,AWS Graviton4 Processor,2.7 GHz
c5ad.2xlarge,16,8,0,,0,AMD EPYC 7R32,3.3 GHz
m5a.2xlarge,32,8,0,,0,AMD EPYC 7571,2.5 GHz
m6a.2xlarge,32,8,0,,0,AMD EPYC 7R13 Processor,3.6 GHz
c6gn.2xlarge,16,8,0,,0,AWS Graviton2 Processor,2.5 GHz
r6in.xlarge,32,4,0,,0,Intel Xeon 8375C (Ice Lake),3.5 GHz
m1.xlarge,15,4,0,,0,Intel Xeon Family,unknown
c7i.2xlarge,16,8,0,,0,Intel Xeon Scalable (Sapphire Rapids),3.2 GHz
m8g.2xlarge,32,8,0,,0,AWS Graviton4 Processor,2.7 GHz
m6gd.2xlarge,32,8,0,,0,AWS Graviton2 Processor,2.5 GHz
inf1.2xlarge,16,8,1,AWS Inferentia,0,Intel Xeon Platinum 8275CL (Cascade Lake),unknown
c7gd.2xlarge,16,8,0,,0,AWS Graviton3 Processor,2.5 GHz
im4gn.xlarge,16,4,0,,0,AWS Graviton2 Processor,2.5 GHz
t2.2xlarge,32,8,0,,0,Intel Xeon Family,Up to 3.3 GHz
r7iz.xlarge,32,4,0,,0,Intel Xeon Scalable (Sapphire Rapids),3.9 GHz
z1d.xlarge,32,4,0,,0,Intel Xeon Platinum 8151,4 GHz
g4ad.xlarge,16,4,1,AMD Radeon Pro V520,8,AMD EPYC 7R32,2.8 GHz
m7i-flex.2xlarge,32,8,0,,0,Intel Xeon Scalable (Sapphire Rapids),3.5 GHz
m6i.2xlarge,32,8,0,,0,Intel Xeon 8375C (Ice Lake),3.5 GHz
c5d.2xlarge,16,8,0,,0,Intel Xeon Platinum 8124M,3.4 GHz
m5.2xlarge,32,8,0,,0,Intel Xeon Platinum 8175,3.1 GHz
r6idn.xlarge,32,4,0,,0,Intel Xeon 8375C (Ice Lake),3.5 GHz
x8g.xlarge,64,4,0,,0,AWS Graviton4 Processor,2.7 GHz
c4.2xlarge,15,8,0,,0,Intel Xeon E5-2666 v3 (Haswell),2.9 GHz
m4.2xlarge,32,8,0,,0,Intel Xeon E5-2676 v3 (Haswell),2.4 GHz
c6id.2xlarge,16,8,0,,0,Intel Xeon 8375C (Ice Lake),3.5 GHz
m7i.2xlarge,32,8,0,,0,Intel Xeon Scalable (Sapphire Rapids),3.2 GHz
r6g.2xlarge,64,8,0,,0,AWS Graviton2 Processor,2.5 GHz
a1.4xlarge,32,16,0,,0,AWS Graviton Processor,2.3 GHz
a1.metal,32,16,0,,0,AWS Graviton Processor,2.3 GHz
c7a.2xlarge,16,8,0,,0,AMD EPYC 9R14 Processor,Up to 3.7 GHz
m5ad.2xlarge,32,8,0,,0,AMD EPYC 7571,2.5 GHz
c3.2xlarge,15,8,0,,0,Intel Xeon E5-2680 v2 (Ivy Bridge),2.8 GHz
g5g.xlarge,8,4,1,NVIDIA T4G Tensor Core,16,AWS Graviton2 Processor,2.5 GHz
m7gd.2xlarge,32,8,0,,0,AWS Graviton3 Processor,2.5 GHz
r7g.2xlarge,64,8,0,,0,AWS Graviton3 Processor,2.5 GHz
c5n.2xlarge,21,8,0,,0,Intel Xeon Platinum 8124M,3 GHz
m5d.2xlarge,32,8,0,,0,Intel Xeon Platinum 8175,3.1 GHz
i3en.xlarge,32,4,0,,0,Intel Xeon Platinum 8175,3.1 GHz
r5a.2xlarge,64,8,0,,0,AMD EPYC 7571,2.5 GHz
c6in.2xlarge,16,8,0,,0,Intel Xeon 8375C (Ice Lake),3.5 GHz
r6a.2xlarge,64,8,0,,0,AMD EPYC 7R13 Processor,3.6 GHz
r6gd.2xlarge,64,8,0,,0,AWS Graviton2 Processor,2.5 GHz
m7a.2xlarge,32,8,0,,0,AMD EPYC 9R14 Processor,Up to 3.7 GHz
h1.2xlarge,32,8,0,,0,Intel Xeon E5-2686 v4 (Broadwell),2.3 GHz
r8g.2xlarge,64,8,0,,0,AWS Graviton4 Processor,2.7 GHz
m6id.2xlarge,32,8,0,,0,Intel Xeon 8375C (Ice Lake),3.5 GHz
m5n.2xlarge,32,8,0,,0,Intel Xeon Platinum 8259 (Cascade Lake),3.1 GHz
m2.2xlarge,34.2,4,0,,0,Intel Xeon Family,unknown
d3.xlarge,32,4,0,,0,Intel Xeon Platinum 8259 (Cascade Lake),3.1 GHz
c7gn.2xlarge,16,8,0,,0,AWS Graviton3 Processor,2.6 GHz
r5.2xlarge,64,8,0,,0,Intel Xeon Platinum 8175,3.1 GHz
r6i.2xlarge,64,8,0,,0,Intel Xeon 8375C (Ice Lake),3.5 GHz
i7ie.xlarge,32,4,0,,0,Intel Xeon Scalable (Emerald Rapids),4 GHz
c1.xlarge,7,8,0,,0,Intel Xeon Family,unknown
r5ad.2xlarge,64,8,0,,0,AMD EPYC 7571,2.5 GHz
g4dn.xlarge,16,4,1,NVIDIA T4 Tensor Core,16,Intel Xeon Family,2.5 GHz
d3en.xlarge,16,4,0,,0,Intel Xeon Platinum 8259 (Cascade Lake),3.1 GHz
r7i.2xlarge,64,8,0,,0,Intel Xeon Scalable (Sapphire Rapids),3.2 GHz
r4.2xlarge,61,8,0,,0,Intel Xeon E5-2686 v4 (Broadwell),2.3 GHz
m3.2xlarge,30,8,0,,0,Intel Xeon E5-2670 v2 (Ivy Bridge/Sandy Bridge),2.5 GHz
g4ad.2xlarge,32,8,1,AMD Radeon Pro V520,8,AMD EPYC 7R32,2.8 GHz
m5dn.2xlarge,32,8,0,,0,Intel Xeon Platinum 8259 (Cascade Lake),3.1 GHz
c6g.4xlarge,32,16,0,,0,AWS Graviton2 Processor,2.5 GHz
r7gd.2xlarge,64,8,0,,0,AWS Graviton3 Processor,2.5 GHz
g5g.2xlarge,16,8,1,NVIDIA T4G Tensor Core,16,AWS Graviton2 Processor,2.5 GHz
m6in.2xlarge,32,8,0,,0,Intel Xeon 8375C (Ice Lake),3.5 GHz
r5d.2xlarge,64,8,0,,0,Intel Xeon Platinum 8175,3.1 GHz
is4gen.xlarge,24,4,0,,0,AWS Graviton2 Processor,2.5 GHz
c7g.4xlarge,32,16,0,,0,AWS Graviton3 Processor,2.5 GHz
r5b.2xlarge,64,8,0,,0,Intel Xeon Platinum 8259 (Cascade Lake),3.1 GHz
r5n.2xlarge,64,8,0,,0,Intel Xeon Platinum 8259 (Cascade Lake),2.5 GHz
r6id.2xlarge,64,8,0,,0,Intel Xeon 8375C (Ice Lake),3.5 GHz
r7a.2xlarge,64,8,0,,0,AMD EPYC 9R14 Processor,Up to 3.7 GHz
c6a.4xlarge,32,16,0,,0,AMD EPYC 7R13 Processor,3.6 GHz
c6gd.4xlarge,32,16,0,,0,AWS Graviton2 Processor,2.5 GHz
m6g.4xlarge,64,16,0,,0,AWS Graviton2 Processor,unknown
c5a.4xlarge,32,16,0,,0,AMD EPYC 7R32,3.3 GHz
i4g.2xlarge,64,8,0,,0,AWS Graviton2 Processor,2.5 GHz
i3.2xlarge,61,8,0,,0,Intel Xeon E5-2686 v4 (Broadwell),2.3 GHz
m6idn.2xlarge,32,8,0,,0,Intel Xeon 8375C (Ice Lake),3.5 GHz
c8g.4xlarge,32,16,0,,0,AWS Graviton4 Processor,2.7 GHz
g2.2xlarge,15,8,1,NVIDIA GRID K520,4,Intel Xeon E5-2670 (Sandy Bridge),2.6 GHz
vt1.3xlarge,24,12,0,,0,Intel Xeon Platinum 8259CL,2.5 GHz
m7g.4xlarge,64,16,0,,0,AWS Graviton3 Processor,2.5 GHz
m5zn.2xlarge,32,8,0,,0,Intel Xeon Platinum 8252,4.5 GHz
r3.2xlarge,61,8,0,,0,Intel Xeon E5-2670 v2 (Ivy Bridge),2.5 GHz
r5dn.2xlarge,64,8,0,,0,Intel Xeon Platinum 8259 (Cascade Lake),3.1 GHz
x2gd.2xlarge,128,8,0,,0,AWS Graviton2 Processor,2.5 GHz
c7i-flex.4xlarge,32,16,0,,0,Intel Xeon Scalable (Sapphire Rapids),3.2 GHz
c5.4xlarge,32,16,0,,0,Intel Xeon Platinum 8124M,3.4 GHz
c6i.4xlarge,32,16,0,,0,Intel Xeon 8375C (Ice Lake),3.5 GHz
i4i.2xlarge,64,8,0,,0,Intel Xeon 8375C (Ice Lake),3.5 GHz
i8g.2xlarge,64,8,0,,0,AWS Graviton4 Processor,2.7 GHz
c5ad.4xlarge,32,16,0,,0,AMD EPYC 7R32,3.3 GHz
m5a.4xlarge,64,16,0,,0,AMD EPYC 7571,2.5 GHz
d2.xlarge,30.5,4,0,,0,Intel Xeon E5-2676 v3 (Haswell),2.4 GHz
c6gn.4xlarge,32,16,0,,0,AWS Graviton2 Processor,2.5 GHz
m6a.4xlarge,64,16,0,,0,AMD EPYC 7R13 Processor,3.6 GHz
r6in.2xlarge,64,8,0,,0,Intel Xeon 8375C (Ice Lake),3.5 GHz
c7i.4xlarge,32,16,0,,0,Intel Xeon Scalable (Sapphire Rapids),3.2 GHz
m8g.4xlarge,64,16,0,,0,AWS Graviton4 Processor,2.7 GHz
m6gd.4xlarge,64,16,0,,0,AWS Graviton2 Processor,2.5 GHz
c7gd.4xlarge,32,16,0,,0,AWS Graviton3 Processor,2.5 GHz
im4gn.2xlarge,32,8,0,,0,AWS Graviton2 Processor,2.5 GHz
z1d.2xlarge,64,8,0,,0,Intel Xeon Platinum 8151,4 GHz
r7iz.2xlarge,64,8,0,,0,Intel Xeon Scalable (Sapphire Rapids),3.9 GHz
g3s.xlarge,30.5,4,1,NVIDIA Tesla M60,8,Intel Xeon E5-2686 v4 (Broadwell),2.3 GHz
g4dn.2xlarge,32,8,1,NVIDIA T4 Tensor Core,16,Intel Xeon Family,2.5 GHz
inf2.xlarge,16,4,1,AWS Inferentia2,32,AMD EPYC 7R13 Processor,2.95 GHz
m7i-flex.4xlarge,64,16,0,,0,Intel Xeon Scalable (Sapphire Rapids),3.5 GHz
m5.4xlarge,64,16,0,,0,Intel Xeon Platinum 8175,3.1 GHz
c5d.4xlarge,32,16,0,,0,Intel Xeon Platinum 8124M,3.4 GHz
m6i.4xlarge,64,16,0,,0,Intel Xeon 8375C (Ice Lake),3.5 GHz
r6idn.2xlarge,64,8,0,,0,Intel Xeon 8375C (Ice Lake),3.5 GHz
x8g.2xlarge,128,8,0,,0,AWS Graviton4 Processor,2.7 GHz
c4.4xlarge,30,16,0,,0,Intel Xeon E5-2666 v3 (Haswell),2.9 GHz
m4.4xlarge,64,16,0,,0,Intel Xeon E5-2676 v3 (Haswell),2.4 GHz
g6.xlarge,16,4,1,NVIDIA L4,24,AMD EPYC 7R13 Processor,2.6 GHz
c6id.4xlarge,32,16,0,,0,Intel Xeon 8375C (Ice Lake),3.5 GHz
m7i.4xlarge,64,16,0,,0,Intel Xeon Scalable (Sapphire Rapids),3.2 GHz
r6g.4xlarge,128,16,0,,0,AWS Graviton2 Processor,2.5 GHz
c7a.4xlarge,32,16,0,,0,AMD EPYC 9R14 Processor,Up to 3.7 GHz
m5ad.4xlarge,64,16,0,,0,AMD EPYC 7571,2.5 GHz
g5g.4xlarge,32,16,1,NVIDIA T4G Tensor Core,16,AWS Graviton2 Processor,2.5 GHz
x2iedn.xlarge,128,4,0,,0,Intel Xeon Scalable (Icelake),3.5 GHz
x1e.xlarge,122,4,0,,0,High Frequency Intel Xeon E7-8880 v3 (Haswell),2.3 GHz
c3.4xlarge,30,16,0,,0,Intel Xeon E5-2680 v2 (Ivy Bridge),2.8 GHz
i2.xlarge,30.5,4,0,,0,Intel Xeon E5-2670 v2 (Ivy Bridge),2.5 GHz
m7gd.4xlarge,64,16,0,,0,AWS Graviton3 Processor,2.5 GHz
r7g.4xlarge,128,16,0,,0,AWS Graviton3 Processor,2.5 GHz
c5n.4xlarge,42,16,0,,0,Intel Xeon Platinum 8124M,3 GHz
g4ad.4xlarge,64,16,1,AMD Radeon Pro V520,8,AMD EPYC 7R32,2.8 GHz
p2.xlarge,61,4,1,NVIDIA Tesla K80,12,Intel Xeon E5-2686 v4 (Broadwell),2.3 GHz
i3en.2xlarge,64,8,0,,0,Intel Xeon Platinum 8175,3.1 GHz
r5a.4xlarge,128,16,0,,0,AMD EPYC 7571,2.5 GHz
m5d.4xlarge,64,16,0,,0,Intel Xeon Platinum 8175,3.1 GHz
r6a.4xlarge,128,16,0,,0,AMD EPYC 7R13 Processor,3.6 GHz
c6in.4xlarge,32,16,0,,0,Intel Xeon 8375C (Ice Lake),3.5 GHz
r6gd.4xlarge,128,16,0,,0,AWS Graviton2 Processor,2.5 GHz
m7a.4xlarge,64,16,0,,0,AMD EPYC 9R14 Processor,Up to 3.7 GHz
h1.4xlarge,64,16,0,,0,Intel Xeon E5-2686 v4 (Broadwell),2.3 GHz
r8g.4xlarge,128,16,0,,0,AWS Graviton4 Processor,2.7 GHz
m6id.4xlarge,64,16,0,,0,Intel Xeon 8375C (Ice Lake),3.5 GHz
m5n.4xlarge,64,16,0,,0,Intel Xeon Platinum 8259 (Cascade Lake),3.1 GHz
g6.2xlarge,32,8,1,NVIDIA L4,24,AMD EPYC 7R13 Processor,2.6 GHz
m2.4xlarge,68.4,8,0,,0,Intel Xeon Family,unknown
m5zn.3xlarge,48,12,0,,0,Intel Xeon Platinum 8252,4.5 GHz
c7gn.4xlarge,32,16,0,,0,AWS Graviton3 Processor,2.6 GHz
d3.2xlarge,64,8,0,,0,Intel Xeon Platinum 8259 (Cascade Lake),3.1 GHz
g5.xlarge,16,4,1,NVIDIA A10G,24,AMD EPYC 7R32,2.8 GHz
r5.4xlarge,128,16,0,,0,Intel Xeon Platinum 8175,3.1 GHz
r6i.4xlarge,128,16,0,,0,Intel Xeon 8375C (Ice Lake),3.5 GHz
i7ie.2xlarge,64,8,0,,0,Intel Xeon Scalable (Emerald Rapids),4 GHz
r5ad.4xlarge,128,16,0,,0,AMD EPYC 7571,2.5 GHz
d3en.2xlarge,32,8,0,,0,Intel Xeon Platinum 8259 (Cascade Lake),3.1 GHz
r7i.4xlarge,128,16,0,,0,Intel Xeon Scalable (Sapphire Rapids),3.2 GHz
r4.4xlarge,122,16,0,,0,Intel Xeon E5-2686 v4 (Broadwell),2.3 GHz
m5dn.4xlarge,64,16,0,,0,Intel Xeon Platinum 8259 (Cascade Lake),3.1 GHz
c6g.8xlarge,64,32,0,,0,AWS Graviton2 Processor,2.5 GHz
r7gd.4xlarge,128,16,0,,0,AWS Graviton3 Processor,2.5 GHz
m6in.4xlarge,64,16,0,,0,Intel Xeon 8375C (Ice Lake),3.5 GHz
z1d.3xlarge,96,12,0,,0,Intel Xeon Platinum 8151,4 GHz
g3.4xlarge,122,16,1,NVIDIA Tesla M60,8,Intel Xeon E5-2686 v4 (Broadwell),2.3 GHz
r5d.4xlarge,128,16,0,,0,Intel Xeon Platinum 8175,3.1 GHz
is4gen.2xlarge,48,8,0,,0,AWS Graviton2 Processor,2.5 GHz
c7g.8xlarge,64,32,0,,0,AWS Graviton3 Processor,2.5 GHz
inf1.6xlarge,48,24,4,AWS Inferentia,0,Intel Xeon Platinum 8275CL (Cascade Lake),unknown
r5b.4xlarge,128,16,0,,0,Intel Xeon Platinum 8259 (Cascade Lake),3.1 GHz
r5n.4xlarge,128,16,0,,0,Intel Xeon Platinum 8259 (Cascade Lake),2.5 GHz
g4dn.4xlarge,64,16,1,NVIDIA T4 Tensor Core,16,Intel Xeon Family,2.5 GHz
r6id.4xlarge,128,16,0,,0,Intel Xeon 8375C (Ice Lake),3.5 GHz
g5.2xlarge,32,8,1,NVIDIA A10G,24,AMD EPYC 7R32,2.8 GHz
r7a.4xlarge,128,16,0,,0,AMD EPYC 9R14 Processor,Up to 3.7 GHz
c6a.8xlarge,64,32,0,,0,AMD EPYC 7R13 Processor,3.6 GHz
c6gd.8xlarge,64,32,0,,0,AWS Graviton2 Processor,2.5 GHz
c5a.8xlarge,64,32,0,,0,AMD EPYC 7R32,3.3 GHz
m6g.8xlarge,128,32,0,,0,AWS Graviton2 Processor,unknown
i4g.4xlarge,128,16,0,,0,AWS Graviton2 Processor,2.5 GHz
i3.4xlarge,122,16,0,,0,Intel Xeon E5-2686 v4 (Broadwell),2.3 GHz
m6idn.4xlarge,64,16,0,,0,Intel Xeon 8375C (Ice Lake),3.5 GHz
c8g.8xlarge,64,32,0,,0,AWS Graviton4 Processor,2.7 GHz
vt1.6xlarge,48,24,0,,0,Intel Xeon Platinum 8259CL,2.5 GHz
m7g.8xlarge,128,32,0,,0,AWS Graviton3 Processor,2.5 GHz
g6.4xlarge,64,16,1,NVIDIA L4,24,AMD EPYC 7R13 Processor,2.6 GHz
r3.4xlarge,122,16,0,,0,Intel Xeon E5-2670 v2 (Ivy Bridge),2.5 GHz
r5dn.4xlarge,128,16,0,,0,Intel Xeon Platinum 8259 (Cascade Lake),3.1 GHz
x2gd.4xlarge,256,16,0,,0,AWS Graviton2 Processor,2.5 GHz
trn1.2xlarge,32,8,1,AWS Inferentia,32,Intel Xeon Scalable (Icelake),Up to 3.5 GHz
i3en.3xlarge,96,12,0,,0,Intel Xeon Platinum 8175,3.1 GHz
c7i-flex.8xlarge,64,32,0,,0,Intel Xeon Scalable (Sapphire Rapids),3.2 GHz
c6i.8xlarge,64,32,0,,0,Intel Xeon 8375C (Ice Lake),3.5 GHz
g5g.8xlarge,64,32,1,NVIDIA T4G Tensor Core,16,AWS Graviton2 Processor,2.5 GHz
i8g.4xlarge,128,16,0,,0,AWS Graviton4 Processor,2.7 GHz
i4i.4xlarge,128,16,0,,0,Intel Xeon 8375C (Ice Lake),3.5 GHz
c5ad.8xlarge,64,32,0,,0,AMD EPYC 7R32,3.3 GHz
m5a.8xlarge,128,32,0,,0,AMD EPYC 7571,2.5 GHz
d2.2xlarge,61,8,0,,0,Intel Xeon E5-2676 v3 (Haswell),2.4 GHz
m6a.8xlarge,128,32,0,,0,AMD EPYC 7R13 Processor,3.6 GHz
c6gn.8xlarge,64,32,0,,0,AWS Graviton2 Processor,2.5 GHz
r6in.4xlarge,128,16,0,,0,Intel Xeon 8375C (Ice Lake),3.5 GHz
c7i.8xlarge,64,32,0,,0,Intel Xeon Scalable (Sapphire Rapids),3.2 GHz
m8g.8xlarge,128,32,0,,0,AWS Graviton4 Processor,2.7 GHz
m6gd.8xlarge,128,32,0,,0,AWS Graviton2 Processor,2.5 GHz
c7gd.8xlarge,64,32,0,,0,AWS Graviton3 Processor,2.5 GHz
im4gn.4xlarge,64,16,0,,0,AWS Graviton2 Processor,2.5 GHz
r7iz.4xlarge,128,16,0,,0,Intel Xeon Scalable (Sapphire Rapids),3.9 GHz
c5.9xlarge,72,36,0,,0,Intel Xeon Platinum 8124M,3.4 GHz
m7i-flex.8xlarge,128,32,0,,0,Intel Xeon Scalable (Sapphire Rapids),3.5 GHz
m6i.8xlarge,128,32,0,,0,Intel Xeon 8375C (Ice Lake),3.5 GHz
m5.8xlarge,128,32,0,,0,Intel Xeon Platinum 8175,3.1 GHz
gr6.4xlarge,128,16,1,NVIDIA L4,24,AMD EPYC 7R32,2.6 GHz
i7ie.3xlarge,96,12,0,,0,Intel Xeon Scalable (Emerald Rapids),4 GHz
r6idn.4xlarge,128,16,0,,0,Intel Xeon 8375C (Ice Lake),3.5 GHz
x8g.4xlarge,256,16,0,,0,AWS Graviton4 Processor,2.7 GHz
c4.8xlarge,60,36,0,,0,Intel Xeon E5-2666 v3 (Haswell),2.9 GHz
m7i.8xlarge,128,32,0,,0,Intel Xeon Scalable (Sapphire Rapids),3.2 GHz
c6id.8xlarge,64,32,0,,0,Intel Xeon 8375C (Ice Lake),3.5 GHz
r6g.8xlarge,256,32,0,,0,AWS Graviton2 Processor,2.5 GHz
g5.4xlarge,64,16,1,NVIDIA A10G,24,AMD EPYC 7R32,2.8 GHz
c6g.12xlarge,96,48,0,,0,AWS Graviton2 Processor,2.5 GHz
c7a.8xlarge,64,32,0,,0,AMD EPYC 9R14 Processor,Up to 3.7 GHz
m5ad.8xlarge,128,32,0,,0,AMD EPYC 7571,2.5 GHz
f1.2xlarge,122,8,0,,0,Intel Xeon E5-2686 v4 (Broadwell),2.3 GHz
x2iedn.2xlarge,256,8,0,,0,Intel Xeon Scalable (Icelake),3.5 GHz
x1e.2xlarge,244,8,0,,0,High Frequency Intel Xeon E7-8880 v3 (Haswell),2.3 GHz
x2iezn.2xlarge,256,8,0,,0,Intel Xeon Platinum 8252,4.5 GHz
c3.8xlarge,60,32,0,,0,Intel Xeon E5-2680 v2 (Ivy Bridge),2.8 GHz
hpc7g.8xlarge,128,32,0,,0,AWS Graviton3 Processor,2.6 GHz
hpc7g.16xlarge,128,64,0,,0,AWS Graviton3 Processor,2.6 GHz
hpc7g.4xlarge,128,16,0,,0,AWS Graviton3 Processor,2.6 GHz
i2.2xlarge,61,8,0,,0,Intel Xeon E5-2670 v2 (Ivy Bridge),2.5 GHz
m7gd.8xlarge,128,32,0,,0,AWS Graviton3 Processor,2.5 GHz
r7g.8xlarge,256,32,0,,0,AWS Graviton3 Processor,2.5 GHz
c5d.9xlarge,72,36,0,,0,Intel Xeon Platinum 8124M,3.4 GHz
g4ad.8xlarge,128,32,2,AMD Radeon Pro V520,16,AMD EPYC 7R32,2.8 GHz
c7g.12xlarge,96,48,0,,0,AWS Graviton3 Processor,2.5 GHz
m5d.8xlarge,128,32,0,,0,Intel Xeon Platinum 8175,3.1 GHz
r5a.8xlarge,256,32,0,,0,AMD EPYC 7571,2.5 GHz
c6in.8xlarge,64,32,0,,0,Intel Xeon 8375C (Ice Lake),3.5 GHz
r6a.8xlarge,256,32,0,,0,AMD EPYC 7R13 Processor,3.6 GHz
c6a.12xlarge,96,48,0,,0,AMD EPYC 7R13 Processor,3.6 GHz
r6gd.8xlarge,256,32,0,,0,AWS Graviton2 Processor,2.5 GHz
c6gd.12xlarge,96,48,0,,0,AWS Graviton2 Processor,2.5 GHz
c5a.12xlarge,96,48,0,,0,AMD EPYC 7R32,3.3 GHz
m6g.12xlarge,192,48,0,,0,AWS Graviton2 Processor,unknown
m7a.8xlarge,128,32,0,,0,AMD EPYC 9R14 Processor,Up to 3.7 GHz
g6e.xlarge,32,4,1,,0,AMD EPYC 7R13 Processor,2.6 GHz
h1.8xlarge,128,32,0,,0,Intel Xeon E5-2686 v4 (Broadwell),2.3 GHz
r8g.8xlarge,256,32,0,,0,AWS Graviton4 Processor,2.7 GHz
m6id.8xlarge,128,32,0,,0,Intel Xeon 8375C (Ice Lake),3.5 GHz
m5n.8xlarge,128,32,0,,0,Intel Xeon Platinum 8259 (Cascade Lake),3.1 GHz
c8g.12xlarge,96,48,0,,0,AWS Graviton4 Processor,2.7 GHz
c5n.9xlarge,96,36,0,,0,Intel Xeon Platinum 8124M,3 GHz
m7g.12xlarge,192,48,0,,0,AWS Graviton3 Processor,2.5 GHz
inf2.8xlarge,128,32,1,AWS Inferentia2,32,AMD EPYC 7R13 Processor,2.95 GHz
f2.6xlarge,256,24,0,,0,AMD EPYC 7R13 Processor,2.95 GHz
m5zn.6xlarge,96,24,0,,0,Intel Xeon Platinum 8252,4.5 GHz
c7gn.8xlarge,64,32,0,,0,AWS Graviton3 Processor,2.6 GHz
d3.4xlarge,128,16,0,,0,Intel Xeon Platinum 8259 (Cascade Lake),3.1 GHz
m4.10xlarge,160,40,0,,0,Intel Xeon E5-2676 v3 (Haswell),2.4 GHz
g6.8xlarge,128,32,1,NVIDIA L4,24,AMD EPYC 7R13 Processor,2.6 GHz
r5.8xlarge,256,32,0,,0,Intel Xeon Platinum 8175,3.1 GHz
r6i.8xlarge,256,32,0,,0,Intel Xeon 8375C (Ice Lake),3.5 GHz
c7i-flex.12xlarge,96,48,0,,0,Intel Xeon Scalable (Sapphire Rapids),3.2 GHz
c6i.12xlarge,96,48,0,,0,Intel Xeon 8375C (Ice Lake),3.5 GHz
c5.12xlarge,96,48,0,,0,Intel Xeon Platinum 8275L,3.4 GHz
m5a.12xlarge,192,48,0,,0,AMD EPYC 7571,2.5 GHz
c5ad.12xlarge,96,48,0,,0,AMD EPYC 7R32,3.3 GHz
c6gn.12xlarge,96,48,0,,0,AWS Graviton2 Processor,2.5 GHz
m6a.12xlarge,192,48,0,,0,AMD EPYC 7R13 Processor,3.6 GHz
r5ad.8xlarge,256,32,0,,0,AMD EPYC 7571,2.5 GHz
d3en.4xlarge,64,16,0,,0,Intel Xeon Platinum 8259 (Cascade Lake),3.1 GHz
r7i.8xlarge,256,32,0,,0,Intel Xeon Scalable (Sapphire Rapids),3.2 GHz
r4.8xlarge,244,32,0,,0,Intel Xeon E5-2686 v4 (Broadwell),2.3 GHz
c7i.12xlarge,96,48,0,,0,Intel Xeon Scalable (Sapphire Rapids),3.2 GHz
m8g.12xlarge,192,48,0,,0,AWS Graviton4 Processor,2.7 GHz
m6gd.12xlarge,192,48,0,,0,AWS Graviton2 Processor,2.5 GHz
m5dn.8xlarge,128,32,0,,0,Intel Xeon Platinum 8259 (Cascade Lake),3.1 GHz
g4dn.8xlarge,128,32,1,NVIDIA T4 Tensor Core,16,Intel Xeon Family,2.5 GHz
c6g.16xlarge,128,64,0,,0,AWS Graviton2 Processor,2.5 GHz
c6g.metal,128,64,0,,0,AWS Graviton2 Processor,2.5 GHz
c7gd.12xlarge,96,48,0,,0,AWS Graviton3 Processor,2.5 GHz
r7gd.8xlarge,256,32,0,,0,AWS Graviton3 Processor,2.5 GHz
m6in.8xlarge,128,32,0,,0,Intel Xeon 8375C (Ice Lake),3.5 GHz
z1d.6xlarge,192,24,0,,0,Intel Xeon Platinum 8151,4 GHz
g6e.2xlarge,64,8,1,,0,AMD EPYC 7R13 Processor,2.6 GHz
g3.8xlarge,244,32,2,NVIDIA Tesla M60,16,Intel Xeon E5-2686 v4 (Broadwell),2.3 GHz
m7i-flex.12xlarge,192,48,0,,0,Intel Xeon Scalable (Sapphire Rapids),3.5 GHz
m5.12xlarge,192,48,0,,0,Intel Xeon Platinum 8175,3.1 GHz
m6i.12xlarge,192,48,0,,0,Intel Xeon 8375C (Ice Lake),3.5 GHz
r5d.8xlarge,256,32,0,,0,Intel Xeon Platinum 8175,3.1 GHz
c5d.12xlarge,96,48,0,,0,Intel Xeon Platinum 8275L,3.4 GHz
is4gen.4xlarge,96,16,0,,0,AWS Graviton2 Processor,2.5 GHz
c7g.16xlarge,128,64,0,,0,AWS Graviton3 Processor,2.5 GHz
c7g.metal,128,64,0,,0,AWS Graviton3 Processor,2.5 GHz
r5n.8xlarge,256,32,0,,0,Intel Xeon Platinum 8259 (Cascade Lake),2.5 GHz
r5b.8xlarge,256,32,0,,0,Intel Xeon Platinum 8259 (Cascade Lake),3.1 GHz
r6id.8xlarge,256,32,0,,0,Intel Xeon 8375C (Ice Lake),3.5 GHz
c6id.12xlarge,96,48,0,,0,Intel Xeon 8375C (Ice Lake),3.5 GHz
m7i.12xlarge,192,48,0,,0,Intel Xeon Scalable (Sapphire Rapids),3.2 GHz
r6g.12xlarge,384,48,0,,0,AWS Graviton2 Processor,2.5 GHz
r7a.8xlarge,256,32,0,,0,AMD EPYC 9R14 Processor,Up to 3.7 GHz
gr6.8xlarge,256,32,1,NVIDIA L4,24,AMD EPYC 7R32,2.6 GHz
g5.8xlarge,128,32,1,NVIDIA A10G,24,AMD EPYC 7R32,2.8 GHz
c6a.16xlarge,128,64,0,,0,AMD EPYC 7R13 Processor,3.6 GHz
c6gd.16xlarge,128,64,0,,0,AWS Graviton2 Processor,2.5 GHz
c6gd.metal,128,64,0,,0,AWS Graviton2 Processor,2.5 GHz
c7a.12xlarge,96,48,0,,0,AMD EPYC 9R14 Processor,Up to 3.7 GHz
c5a.16xlarge,128,64,0,,0,AMD EPYC 7R32,3.3 GHz
m6g.metal,256,64,0,,0,AWS Graviton2 Processor,unknown
m6g.16xlarge,256,64,0,,0,AWS Graviton2 Processor,unknown
i4g.8xlarge,256,32,0,,0,AWS Graviton2 Processor,2.5 GHz
m5ad.12xlarge,192,48,0,,0,AMD EPYC 7571,2.5 GHz
i3.8xlarge,244,32,0,,0,Intel Xeon E5-2686 v4 (Broadwell),2.3 GHz
m6idn.8xlarge,128,32,0,,0,Intel Xeon 8375C (Ice Lake),3.5 GHz
c8g.16xlarge,128,64,0,,0,AWS Graviton4 Processor,2.7 GHz
m7gd.12xlarge,192,48,0,,0,AWS Graviton3 Processor,2.5 GHz
r7g.12xlarge,384,48,0,,0,AWS Graviton3 Processor,2.5 GHz
g2.8xlarge,60,32,4,NVIDIA GRID K520,16,Intel Xeon E5-2670 (Sandy Bridge),2.6 GHz
m7g.metal,256,64,0,,0,AWS Graviton3 Processor,2.5 GHz
m7g.16xlarge,256,64,0,,0,AWS Graviton3 Processor,2.5 GHz
r3.8xlarge,244,32,0,,0,Intel Xeon E5-2670 v2 (Ivy Bridge),2.5 GHz
r5dn.8xlarge,256,32,0,,0,Intel Xeon Platinum 8259 (Cascade Lake),3.1 GHz
x2gd.8xlarge,512,32,0,,0,AWS Graviton2 Processor,2.5 GHz
i3en.6xlarge,192,24,0,,0,Intel Xeon Platinum 8175,3.1 GHz
m5d.12xlarge,192,48,0,,0,Intel Xeon Platinum 8175,3.1 GHz
r5a.12xlarge,384,48,0,,0,AMD EPYC 7571,2.5 GHz
c7i-flex.16xlarge,128,64,0,,0,Intel Xeon Scalable (Sapphire Rapids),3.2 GHz
c6i.16xlarge,128,64,0,,0,Intel Xeon 8375C (Ice Lake),3.5 GHz
r6a.12xlarge,384,48,0,,0,AMD EPYC 7R13 Processor,3.6 GHz
c6in.12xlarge,96,48,0,,0,Intel Xeon 8375C (Ice Lake),3.5 GHz
g5g.metal,128,64,2,NVIDIA T4G Tensor Core,32,AWS Graviton2 Processor,2.5 GHz
g5g.16xlarge,128,64,2,NVIDIA T4G Tensor Core,32,AWS Graviton2 Processor,2.5 GHz
i8g.8xlarge,256,32,0,,0,AWS Graviton4 Processor,2.7 GHz
i4i.8xlarge,256,32,0,,0,Intel Xeon 8375C (Ice Lake),3.5 GHz
m5a.16xlarge,256,64,0,,0,AMD EPYC 7571,2.5 GHz
c5ad.16xlarge,128,64,0,,0,AMD EPYC 7R32,3.3 GHz
d2.4xlarge,122,16,0,,0,Intel Xeon E5-2676 v3 (Haswell),2.4 GHz
r6gd.12xlarge,384,48,0,,0,AWS Graviton2 Processor,2.5 GHz
m6a.16xlarge,256,64,0,,0,AMD EPYC 7R13 Processor,3.6 GHz
c6gn.16xlarge,128,64,0,,0,AWS Graviton2 Processor,2.5 GHz
m7a.12xlarge,192,48,0,,0,AMD EPYC 9R14 Processor,Up to 3.7 GHz
r6in.8xlarge,256,32,0,,0,Intel Xeon 8375C (Ice Lake),3.5 GHz
r8g.12xlarge,384,48,0,,0,AWS Graviton4 Processor,2.7 GHz
m6id.12xlarge,192,48,0,,0,Intel Xeon 8375C (Ice Lake),3.5 GHz
m5n.12xlarge,192,48,0,,0,Intel Xeon Platinum 8259 (Cascade Lake),3.1 GHz
c7i.16xlarge,128,64,0,,0,Intel Xeon Scalable (Sapphire Rapids),3.2 GHz
m8g.16xlarge,256,64,0,,0,AWS Graviton4 Processor,2.7 GHz
m6gd.16xlarge,256,64,0,,0,AWS Graviton2 Processor,2.5 GHz
m6gd.metal,256,64,0,,0,AWS Graviton2 Processor,2.5 GHz
c7gd.metal,128,64,0,,0,AWS Graviton3 Processor,2.5 GHz
c7gd.16xlarge,128,64,0,,0,AWS Graviton3 Processor,2.5 GHz
im4gn.8xlarge,128,32,0,,0,AWS Graviton2 Processor,2.5 GHz
r7iz.8xlarge,256,32,0,,0,Intel Xeon Scalable (Sapphire Rapids),3.9 GHz
c7gn.12xlarge,96,48,0,,0,AWS Graviton3 Processor,2.6 GHz
g6e.4xlarge,128,16,1,,0,AMD EPYC 7R13 Processor,2.6 GHz
r6i.12xlarge,384,48,0,,0,Intel Xeon 8375C (Ice Lake),3.5 GHz
r5.12xlarge,384,48,0,,0,Intel Xeon Platinum 8175,3.1 GHz
c5.18xlarge,144,72,0,,0,Intel Xeon Platinum 8124M,3.4 GHz
p3.2xlarge,61,8,1,NVIDIA Tesla V100,16,Intel Xeon E5-2686 v4 (Broadwell),2.3 GHz
m7i-flex.16xlarge,256,64,0,,0,Intel Xeon Scalable (Sapphire Rapids),3.5 GHz
m6i.16xlarge,256,64,0,,0,Intel Xeon 8375C (Ice Lake),3.5 GHz
m5.16xlarge,256,64,0,,0,Intel Xeon Platinum 8175,3.1 GHz
i7ie.6xlarge,192,24,0,,0,Intel Xeon Scalable (Emerald Rapids),4 GHz
r6idn.8xlarge,256,32,0,,0,Intel Xeon 8375C (Ice Lake),3.5 GHz
x8g.8xlarge,512,32,0,,0,AWS Graviton4 Processor,2.7 GHz
r5ad.12xlarge,384,48,0,,0,AMD EPYC 7571,2.5 GHz
d3en.6xlarge,96,24,0,,0,Intel Xeon Platinum 8259 (Cascade Lake),3.1 GHz
r7i.12xlarge,384,48,0,,0,Intel Xeon Scalable (Sapphire Rapids),3.2 GHz
m4.16xlarge,256,64,0,,0,Intel Xeon E5-2686 v4 (Broadwell),2.4 GHz
m7i.16xlarge,256,64,0,,0,Intel Xeon Scalable (Sapphire Rapids),3.2 GHz
r6g.16xlarge,512,64,0,,0,AWS Graviton2 Processor,2.5 GHz
c6id.16xlarge,128,64,0,,0,Intel Xeon 8375C (Ice Lake),3.5 GHz
r6g.metal,512,64,0,,0,AWS Graviton2 Processor,2.5 GHz
m5dn.12xlarge,192,48,0,,0,Intel Xeon Platinum 8259 (Cascade Lake),3.1 GHz
r7gd.12xlarge,384,48,0,,0,AWS Graviton3 Processor,2.5 GHz
c7a.16xlarge,128,64,0,,0,AMD EPYC 9R14 Processor,Up to 3.7 GHz
m5ad.16xlarge,256,64,0,,0,AMD EPYC 7571,2.5 GHz
f1.4xlarge,244,16,0,,0,Intel Xeon E5-2686 v4 (Broadwell),2.3 GHz
x2iedn.4xlarge,512,16,0,,0,Intel Xeon Scalable (Icelake),3.5 GHz
x1e.4xlarge,488,16,0,,0,High Frequency Intel Xeon E7-8880 v3 (Haswell),2.3 GHz
x2iezn.4xlarge,512,16,0,,0,Intel Xeon Platinum 8252,4.5 GHz
m6in.12xlarge,192,48,0,,0,Intel Xeon 8375C (Ice Lake),3.5 GHz
g6.16xlarge,256,64,1,NVIDIA L4,24,AMD EPYC 7R13 Processor,2.6 GHz
i2.4xlarge,122,16,0,,0,Intel Xeon E5-2670 v2 (Ivy Bridge),2.5 GHz
m7gd.16xlarge,256,64,0,,0,AWS Graviton3 Processor,2.5 GHz
m7gd.metal,256,64,0,,0,AWS Graviton3 Processor,2.5 GHz
r7g.metal,512,64,0,,0,AWS Graviton3 Processor,2.5 GHz
r7g.16xlarge,512,64,0,,0,AWS Graviton3 Processor,2.5 GHz
r5d.12xlarge,384,48,0,,0,Intel Xeon Platinum 8175,3.1 GHz
c5d.18xlarge,144,72,0,,0,Intel Xeon Platinum 8124M,3.4 GHz
g4ad.16xlarge,256,64,4,AMD Radeon Pro V520,32,AMD EPYC 7R32,2.8 GHz
cr1.8xlarge,244,32,0,,0,Intel Xeon E5-2670,unknown
r5b.12xlarge,384,48,0,,0,Intel Xeon Platinum 8259 (Cascade Lake),3.1 GHz
r5n.12xlarge,384,48,0,,0,Intel Xeon Platinum 8259 (Cascade Lake),2.5 GHz
m5d.16xlarge,256,64,0,,0,Intel Xeon Platinum 8175,3.1 GHz
r5a.16xlarge,512,64,0,,0,AMD EPYC 7571,2.5 GHz
r6a.16xlarge,512,64,0,,0,AMD EPYC 7R13 Processor,3.6 GHz
c6in.16xlarge,128,64,0,,0,Intel Xeon 8375C (Ice Lake),3.5 GHz
r6id.12xlarge,384,48,0,,0,Intel Xeon 8375C (Ice Lake),3.5 GHz
r7a.12xlarge,384,48,0,,0,AMD EPYC 9R14 Processor,Up to 3.7 GHz
c6a.24xlarge,192,96,0,,0,AMD EPYC 7R13 Processor,3.6 GHz
r6gd.16xlarge,512,64,0,,0,AWS Graviton2 Processor,2.5 GHz
r6gd.metal,512,64,0,,0,AWS Graviton2 Processor,2.5 GHz
c5a.24xlarge,192,96,0,,0,AMD EPYC 7R32,3.3 GHz
m7a.16xlarge,256,64,0,,0,AMD EPYC 9R14 Processor,Up to 3.7 GHz
h1.16xlarge,256,64,0,,0,Intel Xeon E5-2686 v4 (Broadwell),2.3 GHz
r8g.16xlarge,512,64,0,,0,AWS Graviton4 Processor,2.7 GHz
m6id.16xlarge,256,64,0,,0,Intel Xeon 8375C (Ice Lake),3.5 GHz
m5n.16xlarge,256,64,0,,0,Intel Xeon Platinum 8259 (Cascade Lake),3.1 GHz
m6idn.12xlarge,192,48,0,,0,Intel Xeon 8375C (Ice Lake),3.5 GHz
c8g.24xlarge,192,96,0,,0,AWS Graviton4 Processor,2.7 GHz
c8g.metal-24xl,192,96,0,,0,AWS Graviton4 Processor,2.7 GHz
c5n.18xlarge,192,72,0,,0,Intel Xeon Platinum 8124M,3 GHz
c5n.metal,192,72,0,,0,Intel Xeon Platinum 8124M,3 GHz
g4dn.12xlarge,192,48,4,NVIDIA T4 Tensor Core,64,Intel Xeon Family,2.5 GHz
f2.12xlarge,512,48,0,,0,AMD EPYC 7R13 Processor,2.95 GHz
m5zn.metal,192,48,0,,0,Intel Xeon Platinum 8252,4.5 GHz
m5zn.12xlarge,192,48,0,,0,Intel Xeon Platinum 8252,4.5 GHz
c7gn.metal,128,64,0,,0,AWS Graviton3 Processor,2.6 GHz
c7gn.16xlarge,128,64,0,,0,AWS Graviton3 Processor,2.6 GHz
d3.8xlarge,256,32,0,,0,Intel Xeon Platinum 8259 (Cascade Lake),3.1 GHz
r5dn.12xlarge,384,48,0,,0,Intel Xeon Platinum 8259 (Cascade Lake),3.1 GHz
x2gd.12xlarge,768,48,0,,0,AWS Graviton2 Processor,2.5 GHz
r5.16xlarge,512,64,0,,0,Intel Xeon Platinum 8175,3.1 GHz
r6i.16xlarge,512,64,0,,0,Intel Xeon 8375C (Ice Lake),3.5 GHz
c5.metal,192,96,0,,0,Intel Xeon Platinum 8275L,3.4 GHz
c6i.24xlarge,192,96,0,,0,Intel Xeon 8375C (Ice Lake),3.5 GHz
c5.24xlarge,192,96,0,,0,Intel Xeon Platinum 8275L,3.4 GHz
g5.16xlarge,256,64,1,NVIDIA A10G,24,AMD EPYC 7R32,2.8 GHz
i4i.12xlarge,384,48,0,,0,Intel Xeon 8375C (Ice Lake),3.5 GHz
i8g.12xlarge,384,48,0,,0,AWS Graviton4 Processor,2.7 GHz
m5a.24xlarge,384,96,0,,0,AMD EPYC 7571,2.5 GHz
c5ad.24xlarge,192,96,0,,0,AMD EPYC 7R32,3.3 GHz
m6a.24xlarge,384,96,0,,0,AMD EPYC 7R13 Processor,3.6 GHz
r6in.12xlarge,384,48,0,,0,Intel Xeon 8375C (Ice Lake),3.5 GHz
r5ad.16xlarge,512,64,0,,0,AMD EPYC 7571,2.5 GHz
d3en.8xlarge,128,32,0,,0,Intel Xeon Platinum 8259 (Cascade Lake),3.1 GHz
r7i.16xlarge,512,64,0,,0,Intel Xeon Scalable (Sapphire Rapids),3.2 GHz
r4.16xlarge,488,64,0,,0,Intel Xeon E5-2686 v4 (Broadwell),2.3 GHz
c7i.metal-24xl,192,96,0,,0,Intel Xeon Scalable (Sapphire Rapids),3.2 GHz
c7i.24xlarge,192,96,0,,0,Intel Xeon Scalable (Sapphire Rapids),3.2 GHz
m8g.24xlarge,384,96,0,,0,AWS Graviton4 Processor,2.7 GHz
m8g.metal-24xl,384,96,0,,0,AWS Graviton4 Processor,2.7 GHz
m5dn.16xlarge,256,64,0,,0,Intel Xeon Platinum 8259 (Cascade Lake),3.1 GHz
g4dn.16xlarge,256,64,1,NVIDIA T4 Tensor Core,16,Intel Xeon Family,2.5 GHz
r7gd.metal,512,64,0,,0,AWS Graviton3 Processor,2.5 GHz
r7gd.16xlarge,512,64,0,,0,AWS Graviton3 Processor,2.5 GHz
m6in.16xlarge,256,64,0,,0,Intel Xeon 8375C (Ice Lake),3.5 GHz
r7iz.12xlarge,384,48,0,,0,Intel Xeon Scalable (Sapphire Rapids),3.9 GHz
z1d.12xlarge,384,48,0,,0,Intel Xeon Platinum 8151,4 GHz
z1d.metal,384,48,0,,0,Intel Xeon Platinum 8151,4 GHz
g6e.8xlarge,256,32,1,,0,AMD EPYC 7R13 Processor,2.6 GHz
g3.16xlarge,488,64,4,NVIDIA Tesla M60,32,Intel Xeon E5-2686 v4 (Broadwell),2.3 GHz
g6.12xlarge,192,48,4,NVIDIA L4,96,AMD EPYC 7R13 Processor,2.6 GHz
c5d.24xlarge,192,96,0,,0,Intel Xeon Platinum 8275L,3.4 GHz
c5d.metal,192,96,0,,0,Intel Xeon Platinum 8275L,3.4 GHz
r5d.16xlarge,512,64,0,,0,Intel Xeon Platinum 8175,3.1 GHz
m6i.24xlarge,384,96,0,,0,Intel Xeon 8375C (Ice Lake),3.5 GHz
m5.24xlarge,384,96,0,,0,Intel Xeon Platinum 8175,3.1 GHz
m5.metal,384,96,0,,0,Intel Xeon Platinum 8175,3.1 GHz
is4gen.8xlarge,192,32,0,,0,AWS Graviton2 Processor,2.5 GHz
r6idn.12xlarge,384,48,0,,0,Intel Xeon 8375C (Ice Lake),3.5 GHz
x8g.12xlarge,768,48,0,,0,AWS Graviton4 Processor,2.7 GHz
inf1.24xlarge,192,96,16,AWS Inferentia,0,Intel Xeon Platinum 8275CL (Cascade Lake),unknown
r5n.16xlarge,512,64,0,,0,Intel Xeon Platinum 8259 (Cascade Lake),2.5 GHz
r5b.16xlarge,512,64,0,,0,Intel Xeon Platinum 8259 (Cascade Lake),3.1 GHz
r6id.16xlarge,512,64,0,,0,Intel Xeon 8375C (Ice Lake),3.5 GHz
c6id.24xlarge,192,96,0,,0,Intel Xeon 8375C (Ice Lake),3.5 GHz
m7i.metal-24xl,384,96,0,,0,Intel Xeon Scalable (Sapphire Rapids),3.2 GHz
m7i.24xlarge,384,96,0,,0,Intel Xeon Scalable (Sapphire Rapids),3.2 GHz
r7a.16xlarge,512,64,0,,0,AMD EPYC 9R14 Processor,Up to 3.7 GHz
c6a.32xlarge,256,128,0,,0,AMD EPYC 7R13 Processor,3.6 GHz
c7a.24xlarge,192,96,0,,0,AMD EPYC 9R14 Processor,Up to 3.7 GHz
i4g.16xlarge,512,64,0,,0,AWS Graviton2 Processor,2.5 GHz
m5ad.24xlarge,384,96,0,,0,AMD EPYC 7571,2.5 GHz
i3.16xlarge,488,64,0,,0,Intel Xeon E5-2686 v4 (Broadwell),2.3 GHz
i3.metal,512,72,0,,0,Intel Xeon E5-2686 v4 (Broadwell),2.3 GHz
x2iezn.6xlarge,768,24,0,,0,Intel Xeon Platinum 8252,4.5 GHz
m6idn.16xlarge,256,64,0,,0,Intel Xeon 8375C (Ice Lake),3.5 GHz
vt1.24xlarge,192,96,0,,0,Intel Xeon Platinum 8259CL,2.5 GHz
r5dn.16xlarge,512,64,0,,0,Intel Xeon Platinum 8259 (Cascade Lake),3.1 GHz
x2gd.metal,1024,64,0,,0,AWS Graviton2 Processor,2.5 GHz
x2gd.16xlarge,1024,64,0,,0,AWS Graviton2 Processor,2.5 GHz
i3en.12xlarge,384,48,0,,0,Intel Xeon Platinum 8175,3.1 GHz
m5d.24xlarge,384,96,0,,0,Intel Xeon Platinum 8175,3.1 GHz
r5a.24xlarge,768,96,0,,0,AMD EPYC 7571,2.5 GHz
m5d.metal,384,96,0,,0,Intel Xeon Platinum 8175,3.1 GHz
c6i.metal,256,128,0,,0,Intel Xeon 8375C (Ice Lake),3.5 GHz
c6i.32xlarge,256,128,0,,0,Intel Xeon 8375C (Ice Lake),3.5 GHz
r6a.24xlarge,768,96,0,,0,AMD EPYC 7R13 Processor,3.6 GHz
c6in.24xlarge,192,96,0,,0,Intel Xeon 8375C (Ice Lake),3.5 GHz
i4i.16xlarge,512,64,0,,0,Intel Xeon 8375C (Ice Lake),3.5 GHz
i8g.16xlarge,512,64,0,,0,AWS Graviton4 Processor,2.7 GHz
d2.8xlarge,244,36,0,,0,Intel Xeon E5-2676 v3 (Haswell),2.4 GHz
m6a.32xlarge,512,128,0,,0,AMD EPYC 7R13 Processor,3.6 GHz
m7a.24xlarge,384,96,0,,0,AMD EPYC 9R14 Processor,Up to 3.7 GHz
r6in.16xlarge,512,64,0,,0,Intel Xeon 8375C (Ice Lake),3.5 GHz
r8g.metal-24xl,768,96,0,,0,AWS Graviton4 Processor,2.7 GHz
r8g.24xlarge,768,96,0,,0,AWS Graviton4 Processor,2.7 GHz
g5.12xlarge,192,48,4,NVIDIA A10G,96,AMD EPYC 7R32,2.8 GHz
m6id.24xlarge,384,96,0,,0,Intel Xeon 8375C (Ice Lake),3.5 GHz
m5n.24xlarge,384,96,0,,0,Intel Xeon Platinum 8259 (Cascade Lake),3.1 GHz
m5n.metal,384,96,0,,0,Intel Xeon Platinum 8259 (Cascade Lake),3.1 GHz
im4gn.16xlarge,256,64,0,,0,AWS Graviton2 Processor,2.5 GHz
r7iz.16xlarge,512,64,0,,0,Intel Xeon Scalable (Sapphire Rapids),3.9 GHz
r7iz.metal-16xl,512,64,0,,0,Intel Xeon Scalable (Sapphire Rapids),3.9 GHz
r5.metal,768,96,0,,0,Intel Xeon Platinum 8175,3.1 GHz
r5.24xlarge,768,96,0,,0,Intel Xeon Platinum 8175,3.1 GHz
r6i.24xlarge,768,96,0,,0,Intel Xeon 8375C (Ice Lake),3.5 GHz
m6i.32xlarge,512,128,0,,0,Intel Xeon 8375C (Ice Lake),3.5 GHz
m6i.metal,512,128,0,,0,Intel Xeon 8375C (Ice Lake),3.5 GHz
i7ie.12xlarge,384,48,0,,0,Intel Xeon Scalable (Emerald Rapids),4 GHz
r6idn.16xlarge,512,64,0,,0,Intel Xeon 8375C (Ice Lake),3.5 GHz
x8g.16xlarge,1024,64,0,,0,AWS Graviton4 Processor,2.7 GHz
r5ad.24xlarge,768,96,0,,0,AMD EPYC 7571,2.5 GHz
d3en.12xlarge,192,48,0,,0,Intel Xeon Platinum 8259 (Cascade Lake),3.1 GHz
r7i.metal-24xl,768,96,0,,0,Intel Xeon Scalable (Sapphire Rapids),3.2 GHz
r7i.24xlarge,768,96,0,,0,Intel Xeon Scalable (Sapphire Rapids),3.2 GHz
c6id.32xlarge,256,128,0,,0,Intel Xeon 8375C (Ice Lake),3.5 GHz
c6id.metal,256,128,0,,0,Intel Xeon 8375C (Ice Lake),3.5 GHz
inf2.24xlarge,384,96,6,AWS Inferentia2,192,AMD EPYC 7R13 Processor,2.95 GHz
m5dn.24xlarge,384,96,0,,0,Intel Xeon Platinum 8259 (Cascade Lake),3.1 GHz
m5dn.metal,384,96,0,,0,Intel Xeon Platinum 8259 (Cascade Lake),3.1 GHz
c7a.32xlarge,256,128,0,,0,AMD EPYC 9R14 Processor,Up to 3.7 GHz
x2idn.16xlarge,1024,64,0,,0,Intel Xeon Scalable (Icelake),3.5 GHz
x1.16xlarge,976,64,0,,0,High Frequency Intel Xeon E7-8880 v3 (Haswell),2.3 GHz
x2iedn.8xlarge,1024,32,0,,0,Intel Xeon Scalable (Icelake),3.5 GHz
x1e.8xlarge,976,32,0,,0,High Frequency Intel Xeon E7-8880 v3 (Haswell),2.3 GHz
x2iezn.8xlarge,1024,32,0,,0,Intel Xeon Platinum 8252,4.5 GHz
g6.24xlarge,384,96,4,NVIDIA L4,96,AMD EPYC 7R13 Processor,2.6 GHz
m6in.24xlarge,384,96,0,,0,Intel Xeon 8375C (Ice Lake),3.5 GHz
i2.8xlarge,244,32,0,,0,Intel Xeon E5-2670 v2 (Ivy Bridge),2.5 GHz
r5d.24xlarge,768,96,0,,0,Intel Xeon Platinum 8175,3.1 GHz
r5d.metal,768,96,0,,0,Intel Xeon Platinum 8175,3.1 GHz
r5n.metal,768,96,0,,0,Intel Xeon Platinum 8259 (Cascade Lake),2.5 GHz
r5b.metal,768,96,0,,0,Intel Xeon Platinum 8259 (Cascade Lake),3.1 GHz
r5n.24xlarge,768,96,0,,0,Intel Xeon Platinum 8259 (Cascade Lake),2.5 GHz
r5b.24xlarge,768,96,0,,0,Intel Xeon Platinum 8259 (Cascade Lake),3.1 GHz
p2.8xlarge,488,32,4,NVIDIA Tesla K80,96,Intel Xeon E5-2686 v4 (Broadwell),2.3 GHz
c6in.metal,256,128,0,,0,Intel Xeon 8375C (Ice Lake),3.5 GHz
r6id.24xlarge,768,96,0,,0,Intel Xeon 8375C (Ice Lake),3.5 GHz
r6a.32xlarge,1024,128,0,,0,AMD EPYC 7R13 Processor,3.6 GHz
c6in.32xlarge,256,128,0,,0,Intel Xeon 8375C (Ice Lake),3.5 GHz
r7a.24xlarge,768,96,0,,0,AMD EPYC 9R14 Processor,Up to 3.7 GHz
c6a.48xlarge,384,192,0,,0,AMD EPYC 7R13 Processor,3.6 GHz
c6a.metal,384,192,0,,0,AMD EPYC 7R13 Processor,3.6 GHz
m7a.32xlarge,512,128,0,,0,AMD EPYC 9R14 Processor,Up to 3.7 GHz
g6e.16xlarge,512,64,1,,0,AMD EPYC 7R13 Processor,2.6 GHz
m6id.32xlarge,512,128,0,,0,Intel Xeon 8375C (Ice Lake),3.5 GHz
m6id.metal,512,128,0,,0,Intel Xeon 8375C (Ice Lake),3.5 GHz
m6idn.24xlarge,384,96,0,,0,Intel Xeon 8375C (Ice Lake),3.5 GHz
c8g.metal-48xl,384,192,0,,0,AWS Graviton4 Processor,2.7 GHz
c8g.48xlarge,384,192,0,,0,AWS Graviton4 Processor,2.7 GHz
g4dn.metal,384,96,8,NVIDIA T4 Tensor Core,128,Intel Xeon Family,2.5 GHz
r5dn.24xlarge,768,96,0,,0,Intel Xeon Platinum 8259 (Cascade Lake),3.1 GHz
r5dn.metal,768,96,0,,0,Intel Xeon Platinum 8259 (Cascade Lake),3.1 GHz
r6i.metal,1024,128,0,,0,Intel Xeon 8375C (Ice Lake),3.5 GHz
r6i.32xlarge,1024,128,0,,0,Intel Xeon 8375C (Ice Lake),3.5 GHz
g5.24xlarge,384,96,4,NVIDIA A10G,96,AMD EPYC 7R32,2.8 GHz
i4i.24xlarge,768,96,0,,0,Intel Xeon 8375C (Ice Lake),3.5 GHz
i8g.24xlarge,768,96,0,,0,AWS Graviton4 Processor,2.7 GHz
i8g.metal-24xl,768,96,0,,0,AWS Graviton4 Processor,2.7 GHz
m6a.48xlarge,768,192,0,,0,AMD EPYC 7R13 Processor,3.6 GHz
m6a.metal,768,192,0,,0,AMD EPYC 7R13 Processor,3.6 GHz
r6in.24xlarge,768,96,0,,0,Intel Xeon 8375C (Ice Lake),3.5 GHz
c7i.48xlarge,384,192,0,,0,Intel Xeon Scalable (Sapphire Rapids),3.2 GHz
c7i.metal-48xl,384,192,0,,0,Intel Xeon Scalable (Sapphire Rapids),3.2 GHz
m8g.metal-48xl,768,192,0,,0,AWS Graviton4 Processor,2.7 GHz
m8g.48xlarge,768,192,0,,0,AWS Graviton4 Processor,2.7 GHz
m6in.metal,512,128,0,,0,Intel Xeon 8375C (Ice Lake),3.5 GHz
m6in.32xlarge,512,128,0,,0,Intel Xeon 8375C (Ice Lake),3.5 GHz
i7ie.18xlarge,576,72,0,,0,Intel Xeon Scalable (Emerald Rapids),4 GHz
r6idn.24xlarge,768,96,0,,0,Intel Xeon 8375C (Ice Lake),3.5 GHz
x8g.metal-24xl,1536,96,0,,0,AWS Graviton4 Processor,2.7 GHz
x8g.24xlarge,1536,96,0,,0,AWS Graviton4 Processor,2.7 GHz
r6id.32xlarge,1024,128,0,,0,Intel Xeon 8375C (Ice Lake),3.5 GHz
r6id.metal,1024,128,0,,0,Intel Xeon 8375C (Ice Lake),3.5 GHz
m7i.metal-48xl,768,192,0,,0,Intel Xeon Scalable (Sapphire Rapids),3.2 GHz
m7i.48xlarge,768,192,0,,0,Intel Xeon Scalable (Sapphire Rapids),3.2 GHz
r7a.32xlarge,1024,128,0,,0,AMD EPYC 9R14 Processor,Up to 3.7 GHz
c7a.metal-48xl,384,192,0,,0,AMD EPYC 9R14 Processor,Up to 3.7 GHz
c7a.48xlarge,384,192,0,,0,AMD EPYC 9R14 Processor,Up to 3.7 GHz
x2idn.24xlarge,1536,96,0,,0,Intel Xeon Scalable (Icelake),3.5 GHz
x2iezn.12xlarge,1536,48,0,,0,Intel Xeon Platinum 8252,4.5 GHz
x2iezn.metal,1536,48,0,,0,Intel Xeon Platinum 8252,4.5 GHz
m6idn.metal,512,128,0,,0,Intel Xeon 8375C (Ice Lake),3.5 GHz
m6idn.32xlarge,512,128,0,,0,Intel Xeon 8375C (Ice Lake),3.5 GHz
g6e.12xlarge,384,48,4,,0,AMD EPYC 7R13 Processor,2.6 GHz
i3en.24xlarge,768,96,0,,0,Intel Xeon Platinum 8175,3.1 GHz
i3en.metal,768,96,0,,0,Intel Xeon Platinum 8175,3.1 GHz
r6a.48xlarge,1536,192,0,,0,AMD EPYC 7R13 Processor,3.6 GHz
r6a.metal,1536,192,0,,0,AMD EPYC 7R13 Processor,3.6 GHz
i4i.metal,1024,128,0,,0,Intel Xeon 8375C (Ice Lake),3.5 GHz
i4i.32xlarge,1024,128,0,,0,Intel Xeon 8375C (Ice Lake),3.5 GHz
m7a.48xlarge,768,192,0,,0,AMD EPYC 9R14 Processor,Up to 3.7 GHz
m7a.metal-48xl,768,192,0,,0,AMD EPYC 9R14 Processor,Up to 3.7 GHz
r6in.metal,1024,128,0,,0,Intel Xeon 8375C (Ice Lake),3.5 GHz
r6in.32xlarge,1024,128,0,,0,Intel Xeon 8375C (Ice Lake),3.5 GHz
r8g.metal-48xl,1536,192,0,,0,AWS Graviton4 Processor,2.7 GHz
r8g.48xlarge,1536,192,0,,0,AWS Graviton4 Processor,2.7 GHz
r7iz.32xlarge,1024,128,0,,0,Intel Xeon Scalable (Sapphire Rapids),3.9 GHz
r7iz.metal-32xl,1024,128,0,,0,Intel Xeon Scalable (Sapphire Rapids),3.9 GHz
p3.8xlarge,244,32,4,NVIDIA Tesla V100,64,Intel Xeon E5-2686 v4 (Broadwell),2.3 GHz
i7ie.24xlarge,768,96,0,,0,Intel Xeon Scalable (Emerald Rapids),4 GHz
r6idn.metal,1024,128,0,,0,Intel Xeon 8375C (Ice Lake),3.5 GHz
r6idn.32xlarge,1024,128,0,,0,Intel Xeon 8375C (Ice Lake),3.5 GHz
r7i.48xlarge,1536,192,0,,0,Intel Xeon Scalable (Sapphire Rapids),3.2 GHz
r7i.metal-48xl,1536,192,0,,0,Intel Xeon Scalable (Sapphire Rapids),3.2 GHz
inf2.48xlarge,768,192,12,AWS Inferentia2,384,AMD EPYC 7R13 Processor,2.95 GHz
dl1.24xlarge,768,96,0,,0,Intel Xeon Platinum 8275L,3 GHz
f1.16xlarge,976,64,0,,0,Intel Xeon E5-2686 v4 (Broadwell),2.3 GHz
x2idn.metal,2048,128,0,,0,Intel Xeon Scalable (Icelake),3.5 GHz
x2iedn.16xlarge,2048,64,0,,0,Intel Xeon Scalable (Icelake),3.5 GHz
x1.32xlarge,1952,128,0,,0,High Frequency Intel Xeon E7-8880 v3 (Haswell),2.3 GHz
x2idn.32xlarge,2048,128,0,,0,Intel Xeon Scalable (Icelake),3.5 GHz
x1e.16xlarge,1952,64,0,,0,High Frequency Intel Xeon E7-8880 v3 (Haswell),2.3 GHz
g6.48xlarge,768,192,8,NVIDIA L4,192,AMD EPYC 7R13 Processor,2.6 GHz
p2.16xlarge,732,64,8,NVIDIA Tesla K80,192,Intel Xeon E5-2686 v4 (Broadwell),2.3 GHz
r7a.48xlarge,1536,192,0,,0,AMD EPYC 9R14 Processor,Up to 3.7 GHz
r7a.metal-48xl,1536,192,0,,0,AMD EPYC 9R14 Processor,Up to 3.7 GHz
g6e.24xlarge,768,96,4,,0,AMD EPYC 7R13 Processor,2.6 GHz
f2.48xlarge,2048,192,0,,0,AMD EPYC 7R13 Processor,2.95 GHz
g5.48xlarge,768,192,8,NVIDIA A10G,192,AMD EPYC 7R32,2.8 GHz
i8g.48xlarge,1536,192,0,,0,AWS Graviton4 Processor,2.7 GHz
x8g.48xlarge,3072,192,0,,0,AWS Graviton4 Processor,2.7 GHz
x8g.metal-48xl,3072,192,0,,0,AWS Graviton4 Processor,2.7 GHz
x2iedn.24xlarge,3072,96,0,,0,Intel Xeon Scalable (Icelake),3.5 GHz
trn1.32xlarge,512,128,16,AWS Inferentia,512,Intel Xeon Scalable (Icelake),Up to 3.5 GHz
p3.16xlarge,488,64,8,NVIDIA Tesla V100,128,Intel Xeon E5-2686 v4 (Broadwell),2.3 GHz
trn1n.32xlarge,512,128,16,AWS Inferentia,512,Intel Xeon Scalable (Icelake),3.5 GHz
i7ie.48xlarge,1536,192,0,,0,Intel Xeon Scalable (Emerald Rapids),4 GHz
x2iedn.32xlarge,4096,128,0,,0,Intel Xeon Scalable (Icelake),3.5 GHz
x2iedn.metal,4096,128,0,,0,Intel Xeon Scalable (Icelake),3.5 GHz
x1e.32xlarge,3904,128,0,,0,High Frequency Intel Xeon E7-8880 v3 (Haswell),2.3 GHz
u-3tb1.56xlarge,3072,224,0,,0,Intel Xeon Scalable (Skylake),2.1 GHz
g6e.48xlarge,1536,192,8,,0,AMD EPYC 7R13 Processor,2.6 GHz
p3dn.24xlarge,768,96,8,NVIDIA Tesla V100,256,Intel Xeon Platinum 8175 (Skylake),2.5 GHz
p4d.24xlarge,1152,96,8,NVIDIA A100,320,Intel Xeon Platinum 8275L,3 GHz
p4de.24xlarge,1152,96,8,NVIDIA A100,640,Intel Xeon Platinum 8275L,3 GHz
u-6tb1.56xlarge,6144,224,0,,0,Intel Xeon Scalable (Skylake),unknown
u-6tb1.112xlarge,6144,448,0,,0,Intel Xeon Scalable (Skylake),unknown
u7i-6tb.112xlarge,6144,448,0,,0,Intel Xeon Scalable (Sapphire Rapids),2.9 GHz
u-9tb1.112xlarge,9216,448,0,,0,Intel Xeon Scalable (Skylake),unknown
u7i-8tb.112xlarge,8192,448,0,,0,Intel Xeon Scalable (Sapphire Rapids),2.9 GHz
p5en.48xlarge,2048,192,8,,0,Intel Xeon Scalable (Sapphire Rapids),3.2 GHz
p5.48xlarge,2048,192,8,NVIDIA H100,640,AMD EPYC 7R13 Processor,2.95 GHz
u-12tb1.112xlarge,12288,448,0,,0,Intel Xeon Scalable (Skylake),unknown
u7i-12tb.224xlarge,12288,896,0,,0,Intel Xeon Scalable (Sapphire Rapids),2.9 GHz
u-18tb1.112xlarge,18432,448,0,,0,Intel Xeon Platinum 8280L (Cascade Lake),unknown
u7in-16tb.224xlarge,16384,896,0,,0,Intel Xeon Scalable (Sapphire Rapids),2.9 GHz
u-24tb1.112xlarge,24576,448,0,,0,Intel Xeon Platinum 8280L (Cascade Lake),unknown
u7in-24tb.224xlarge,24576,896,0,,0,Intel Xeon Scalable (Sapphire Rapids),2.9 GHz
u7in-32tb.224xlarge,32768,896,0,,0,Intel Xeon Scalable (Sapphire Rapids),2.9 GHz
hpc7a.96xlarge,768,192,0,,0,AMD EPYC 9R14 Processor,3.7 GHz
hpc7a.24xlarge,768,48,0,,0,AMD EPYC 9R14 Processor,3.7 GHz
p5e.48xlarge,2048,192,8,,0,AMD EPYC 7R13 Processor,2.95 GHz
u-12tb1.metal,12288,448,0,,0,Intel Xeon Scalable (Skylake),unknown
hpc6id.32xlarge,1024,64,0,,0,Intel Xeon Scalable (Icelake),3.5 GHz
hpc7a.12xlarge,768,24,0,,0,AMD EPYC 9R14 Processor,3.7 GHz
hpc6a.48xlarge,384,96,0,,0,AMD EPYC 7R13 Processor,2.95 GHz
hpc7a.48xlarge,768,96,0,,0,AMD EPYC 9R14 Processor,3.7 GHz
trn2.48xlarge,2048,192,1,,0,Intel Xeon Scalable (Sapphire Rapids),Up to 3.9 GHz
u-9tb1.metal,9216,448,0,,0,Intel Xeon Scalable (Skylake),unknown
u-6tb1.metal,6144,448,0,,0,Intel Xeon Scalable (Skylake),unknown
i2.large,15,2,0,,0,Intel Xeon E5-2670 v2 (Ivy Bridge),2.5 GHz
mac1.metal,32,12,0,,0,Intel Core i7-8700B CPU,3.2 GHz
mac2-m2.metal,24,8,0,,0,Apple M2 Chip,3.49 GHz
mac2.metal,16,8,0,,0,"Apple M1 chip with 8-core CPU, 8-core GPU, and 16-core Neural Engine",3.2 GHz
mac2-m2pro.metal,32,12,0,,0,Apple M2 Pro,3.5 GHz
u-18tb1.metal,18432,448,0,,0,Intel Xeon Platinum 8280L (Cascade Lake),unknown
mac2-m1ultra.metal,128,20,0,,0,Apple silicon M1 Ultra,3.2 GHz
u-24tb1.metal,24576,448,0,,0,Intel Xeon Platinum 8280L (Cascade Lake),unknown
hs1.8xlarge,117,16,0,,0,Intel Xeon E5-2650,2 GHz
cc2.8xlarge,60.5,32,0,,0,Intel Xeon E5-2670,2.6 GHz
db.t4g.micro,1,2,,,,,
db.t3.micro,1,2,,,,,
db.t2.micro,1,1,,,,,
db.t1.micro,0.613,1,,,,,
db.t4g.small,2,2,,,,,
db.t3.small,2,2,,,,,
db.t2.small,2,1,,,,,
db.m1.small,1.7,1,,,,,
db.t4g.medium,4,2,,,,,
db.t3.medium,4,2,,,,,
db.t2.medium,4,2,,,,,
db.m3.medium,3.75,1,,,,,
db.m1.medium,3.75,1,,,,,
db.t4g.large,8,2,,,,,
db.t2.large,8,2,,,,,
db.t3.large,8,2,,,,,
db.m6g.large,8,2,,,,,
db.m8g.large,8,2,,,,,
db.m7g.large,8,2,,,,,
db.m6i.large,8,2,,,,,
db.m5.large,8,2,,,,,
db.m7i.large,8,2,,,,,
db.m4.large,8,2,,,,,
db.m6gd.large,8,2,,,,,
db.m3.large,7.5,2,,,,,
db.m5d.large,8,2,,,,,
db.m6id.large,8,2,,,,,
db.r6g.large,16,2,,,,,
db.r7g.large,16,2,,,,,
db.r8g.large,16,2,,,,,
db.m1.large,7.5,2,,,,,
db.r5.large,16,2,,,,,
db.r4.large,15.25,2,,,,,
db.r3.large,15.25,2,,,,,
db.r6i.large,16,2,,,,,
db.r7i.large,16,2,,,,,
db.r6gd.large,16,2,,,,,
db.t4g.xlarge,16,4,,,,,
db.m6in.large,8,2,,,,,
db.r5d.large,16,2,,,,,
db.t3.xlarge,16,4,,,,,
db.t2.xlarge,16,4,,,,,
db.m6idn.large,8,2,,,,,
db.r5b.large,16,2,,,,,
db.r6id.large,16,2,,,,,
db.m6g.xlarge,16,4,,,,,
db.x2g.large,32,2,,,,,
db.m8g.xlarge,16,4,,,,,
db.m7g.xlarge,16,4,,,,,
db.m2.xlarge,17.1,2,,,,,
db.r6in.large,16,2,,,,,
db.m6i.xlarge,16,4,,,,,
db.m7i.xlarge,16,4,,,,,
db.m5.xlarge,16,4,,,,,
db.m4.xlarge,16,4,,,,,
db.m6gd.xlarge,16,4,,,,,
db.r6idn.large,16,2,,,,,
db.m3.xlarge,15,4,,,,,
db.m5d.xlarge,16,4,,,,,
db.m6id.xlarge,16,4,,,,,
db.r6g.xlarge,32,4,,,,,
db.r7g.xlarge,32,4,,,,,
db.r8g.xlarge,32,4,,,,,
db.m1.xlarge,15,4,,,,,
db.r5.xlarge,32,4,,,,,
db.r6i.xlarge,32,4,,,,,
db.r4.xlarge,30.5,4,,,,,
db.r7i.xlarge,32,4,,,,,
db.r3.xlarge,30.5,4,,,,,
db.r6gd.xlarge,32,4,,,,,
db.m6in.xlarge,16,4,,,,,
db.t4g.2xlarge,32,8,,,,,
db.r5d.xlarge,32,4,,,,,
db.t3.2xlarge,32,8,,,,,
db.t2.2xlarge,32,8,,,,,
db.m6idn.xlarge,16,4,,,,,
db.r5b.xlarge,32,4,,,,,
db.r6id.xlarge,32,4,,,,,
db.m6g.2xlarge,32,8,,,,,
db.x2g.xlarge,64,4,,,,,
db.m8g.2xlarge,32,8,,,,,
db.m7g.2xlarge,32,8,,,,,
db.m2.2xlarge,34.2,4,,,,,
db.r6in.xlarge,32,4,,,,,
db.m6i.2xlarge,32,8,,,,,
db.m5.2xlarge,32,8,,,,,
db.m7i.2xlarge,32,8,,,,,
db.m4.2xlarge,32,8,,,,,
db.m6gd.2xlarge,32,8,,,,,
db.m3.2xlarge,30,8,,,,,
db.r6idn.xlarge,32,4,,,,,
db.m5d.2xlarge,32,8,,,,,
db.m6id.2xlarge,32,8,,,,,
db.r6g.2xlarge,64,8,,,,,
db.r7g.2xlarge,64,8,,,,,
db.r8g.2xlarge,64,8,,,,,
db.r3.2xlarge,61,8,,,,,
db.r5.2xlarge,64,8,,,,,
db.r6i.2xlarge,64,8,,,,,
db.r7i.2xlarge,64,8,,,,,
db.r4.2xlarge,61,8,,,,,
db.r6gd.2xlarge,64,8,,,,,
db.m6in.2xlarge,32,8,,,,,
db.r5d.2xlarge,64,8,,,,,
db.m6idn.2xlarge,32,8,,,,,
db.r5b.2xlarge,64,8,,,,,
db.r6id.2xlarge,64,8,,,,,
db.m6g.4xlarge,64,16,,,,,
db.x2g.2xlarge,128,8,,,,,
db.m8g.4xlarge,64,16,,,,,
db.m7g.4xlarge,64,16,,,,,
db.r6in.2xlarge,64,8,,,,,
db.m2.4xlarge,68.4,8,,,,,
db.m6i.4xlarge,64,16,,,,,
db.m5.4xlarge,64,16,,,,,
db.m7i.4xlarge,64,16,,,,,
db.m4.4xlarge,64,16,,,,,
db.m6gd.4xlarge,64,16,,,,,
db.r6idn.2xlarge,64,8,,,,,
db.m5d.4xlarge,64,16,,,,,
db.m6id.4xlarge,64,16,,,,,
db.r6g.4xlarge,128,16,,,,,
db.r8g.4xlarge,128,16,,,,,
db.r7g.4xlarge,128,16,,,,,
db.r3.4xlarge,122,16,,,,,
db.r5.4xlarge,128,16,,,,,
db.r6i.4xlarge,128,16,,,,,
db.r4.4xlarge,122,16,,,,,
db.r7i.4xlarge,128,16,,,,,
db.r6gd.4xlarge,128,16,,,,,
db.m6in.4xlarge,64,16,,,,,
db.x2iedn.xlarge,128,4,,,,,
db.r5d.4xlarge,128,16,,,,,
db.m6idn.4xlarge,64,16,,,,,
db.r5b.4xlarge,128,16,,,,,
db.r6id.4xlarge,128,16,,,,,
db.m6g.8xlarge,128,32,,,,,
db.x2g.4xlarge,256,16,,,,,
db.m8g.8xlarge,128,32,,,,,
db.m7g.8xlarge,128,32,,,,,
db.r6in.4xlarge,128,16,,,,,
db.m6i.8xlarge,128,32,,,,,
db.m5.8xlarge,128,32,,,,,
db.m7i.8xlarge,128,32,,,,,
db.m6gd.8xlarge,128,32,,,,,
db.r6idn.4xlarge,128,16,,,,,
db.m5d.8xlarge,128,32,,,,,
db.m6id.8xlarge,128,32,,,,,
db.r6g.8xlarge,256,32,,,,,
db.m4.10xlarge,160,40,,,,,
db.m6g.12xlarge,192,48,,,,,
db.r8g.8xlarge,256,32,,,,,
db.r7g.8xlarge,256,32,,,,,
db.r3.8xlarge,244,32,,,,,
db.r6i.8xlarge,256,32,,,,,
db.r5.8xlarge,256,32,,,,,
db.r7i.8xlarge,256,32,,,,,
db.r4.8xlarge,244,32,,,,,
db.m8g.12xlarge,256,48,,,,,
db.m7g.12xlarge,192,48,,,,,
db.r6gd.8xlarge,256,32,,,,,
db.m6in.8xlarge,128,32,,,,,
db.m6i.12xlarge,192,48,,,,,
db.m5.12xlarge,192,48,,,,,
db.m7i.12xlarge,192,48,,,,,
db.x2iedn.2xlarge,256,8,,,,,
db.m6gd.12xlarge,192,48,,,,,
db.r5d.8xlarge,256,32,,,,,
db.m6idn.8xlarge,128,32,,,,,
db.r5b.8xlarge,256,32,,,,,
db.r6id.8xlarge,256,32,,,,,
db.m5d.12xlarge,192,48,,,,,
db.m6g.16xlarge,256,64,,,,,
db.x2g.8xlarge,512,32,,,,,
db.m8g.16xlarge,384,64,,,,,
db.m6id.12xlarge,192,48,,,,,
db.m7g.16xlarge,256,64,,,,,
db.r6g.12xlarge,384,48,,,,,
db.r6in.8xlarge,256,32,,,,,
db.m6i.16xlarge,256,64,,,,,
db.m7i.16xlarge,256,64,,,,,
db.m5.16xlarge,256,64,,,,,
db.r8g.12xlarge,384,48,,,,,
db.r7g.12xlarge,384,48,,,,,
db.m4.16xlarge,256,64,,,,,
db.m6gd.16xlarge,256,64,,,,,
db.r6i.12xlarge,384,48,,,,,
db.r5.12xlarge,384,48,,,,,
db.r7i.12xlarge,384,48,,,,,
db.r6gd.12xlarge,384,48,,,,,
db.m6in.12xlarge,192,48,,,,,
db.r6idn.8xlarge,256,32,,,,,
db.m5d.16xlarge,256,64,,,,,
db.r5d.12xlarge,384,48,,,,,
db.m6idn.12xlarge,192,48,,,,,
db.r5b.12xlarge,384,48,,,,,
db.r6id.12xlarge,384,48,,,,,
db.m6id.16xlarge,256,64,,,,,
db.r6g.16xlarge,512,64,,,,,
db.r8g.16xlarge,512,64,,,,,
db.r7g.16xlarge,512,64,,,,,
db.x2g.12xlarge,768,48,,,,,
db.r5.16xlarge,512,64,,,,,
db.r4.16xlarge,488,64,,,,,
db.r7i.16xlarge,512,64,,,,,
db.r6i.16xlarge,512,64,,,,,
db.m8g.24xlarge,512,96,,,,,
db.r6gd.16xlarge,512,64,,,,,
db.m6in.16xlarge,256,64,,,,,
db.r6in.12xlarge,384,48,,,,,
db.m6i.24xlarge,384,96,,,,,
db.m7i.24xlarge,384,96,,,,,
db.m5.24xlarge,384,96,,,,,
db.x2iedn.4xlarge,512,16,,,,,
db.r5d.16xlarge,512,64,,,,,
db.r6idn.12xlarge,384,48,,,,,
db.m6idn.16xlarge,256,64,,,,,
db.r5b.16xlarge,512,64,,,,,
db.r6id.16xlarge,512,64,,,,,
db.m5d.24xlarge,384,96,,,,,
db.x2g.16xlarge,1024,64,,,,,
db.m6id.24xlarge,384,96,,,,,
db.r6in.16xlarge,512,64,,,,,
db.m6i.32xlarge,512,128,,,,,
db.r8g.24xlarge,768,96,,,,,
db.r7i.24xlarge,768,96,,,,,
db.r6i.24xlarge,768,96,,,,,
db.r5.24xlarge,768,96,,,,,
db.m6in.24xlarge,384,96,,,,,
db.r6idn.16xlarge,512,64,,,,,
db.r5d.24xlarge,768,96,,,,,
db.m6idn.24xlarge,384,96,,,,,
db.r5b.24xlarge,768,96,,,,,
db.r6id.24xlarge,768,96,,,,,
db.m6id.32xlarge,512,128,,,,,
db.r6i.32xlarge,1024,128,,,,,
db.m8g.48xlarge,768,192,,,,,
db.m6in.32xlarge,512,128,,,,,
db.r6in.24xlarge,768,96,,,,,
db.m7i.48xlarge,768,192,,,,,
db.x2iedn.8xlarge,1024,32,,,,,
db.r6idn.24xlarge,768,96,,,,,
db.m6idn.32xlarge,512,128,,,,,
db.r6id.32xlarge,1024,128,,,,,
db.r6in.32xlarge,1024,128,,,,,
db.r8g.48xlarge,1536,192,,,,,
db.r7i.48xlarge,1536,192,,,,,
db.r6idn.32xlarge,1024,128,,,,,
db.x2iedn.16xlarge,2048,64,,,,,
db.x2iedn.24xlarge,3072,96,,,,,
db.x2iedn.32xlarge,4096,128,,,,,
db.r6i.2xlarge.tpc2.mem8x,512,8,,,,,
db.r6i.4xlarge.tpc2.mem3x,384,16,,,,,
db.z1d.6xlarge,192,24,,,,,
db.r5.4xlarge.tpc2.mem4x,512,16,,,,,
db.r6i.8xlarge.tpc2.mem4x,1024,32,,,,,
db.r5.large.tpc1.mem2x,32,2,,,,,
db.r5.2xlarge.tpc2.mem4x,256,8,,,,,
db.r5.2xlarge.tpc2.mem8x,512,8,,,,,
db.r5b.2xlarge.tpc2.mem4x,256,8,,,,,
db.r5b.large.tpc1.mem2x,32,2,,,,,
db.x1e.2xlarge,244,8,,,,,
db.r5.xlarge.tpc2.mem2x,64,4,,,,,
db.x1.32xlarge,1952,128,,,,,
db.r6i.4xlarge.tpc2.mem2x,256,16,,,,,
db.r5.xlarge.tpc2.mem4x,128,4,,,,,
db.r5.4xlarge.tpc2.mem2x,256,16,,,,,
db.x2idn.24xlarge,1536,96,,,,,
db.z1d.2xlarge,64,8,,,,,
db.x1e.16xlarge,1952,64,,,,,
db.r5.6xlarge.tpc2.mem4x,768,24,,,,,
db.r6i.2xlarge.tpc1.mem2x,128,8,,,,,
db.z1d.12xlarge,384,48,,,,,
db.x1e.4xlarge,488,16,,,,,
db.r5b.xlarge.tpc2.mem4x,128,4,,,,,
db.z1d.xlarge,32,4,,,,,
db.r6i.xlarge.tpc2.mem2x,64,4,,,,,
db.r6i.xlarge.tpc2.mem4x,128,4,,,,,
db.r5b.4xlarge.tpc2.mem2x,256,16,,,,,
db.r5b.4xlarge.tpc2.mem3x,384,16,,,,,
db.r6i.6xlarge.tpc2.mem4x,768,24,,,,,
db.z1d.3xlarge,96,12,,,,,
db.z1d.large,16,2,,,,,
db.x2idn.32xlarge,2048,128,,,,,
db.r6i.4xlarge.tpc2.mem4x,512,16,,,,,
db.r6i.2xlarge.tpc2.mem4x,256,8,,,,,
db.r5.2xlarge.tpc1.mem2x,128,8,,,,,
db.x1e.8xlarge,976,32,,,,,
db.r5.8xlarge.tpc2.mem3x,768,32,,,,,
db.x2idn.16xlarge,1024,64,,,,,
db.x1e.32xlarge,3904,128,,,,,
db.x2iezn.4xlarge,512,16,,,,,
db.r5.4xlarge.tpc2.mem3x,384,16,,,,,
db.r6i.large.tpc1.mem2x,32,2,,,,,
db.r5b.6xlarge.tpc2.mem4x,768,24,,,,,
db.r6i.12xlarge.tpc2.mem2x,768,48,,,,,
db.r5b.2xlarge.tpc1.mem2x,128,8,,,,,
db.x2iezn.12xlarge,1536,48,,,,,
db.r6i.8xlarge.tpc2.mem3x,768,32,,,,,
db.x1e.xlarge,122,4,,,,,
db.r5b.xlarge.tpc2.mem2x,64,4,,,,,
db.r5b.4xlarge.tpc2.mem4x,512,16,,,,,
db.x1.16xlarge,976,64,,,,,
db.r5.12xlarge.tpc2.mem2x,768,48,,,,,
db.x2iezn.8xlarge,1024,32,,,,,
db.r5b.2xlarge.tpc2.mem8x,512,8,,,,,
db.r5b.8xlarge.tpc2.mem3x,768,32,,,,,
db.x2iezn.2xlarge,256,8,,,,,
db.x2iezn.6xlarge,768,24,,,,,
db.r6i.4xlarge.tpc2.mem8x,1024,16,,,,,
cache.t4g.micro,0.5,2,,,,,
cache.t3.micro,0.5,2,,,,,
cache.t2.micro,0.555,1,,,,,
cache.t1.micro,0.213,1,,,,,
cache.t4g.small,1.37,2,,,,,
cache.t3.small,1.37,2,,,,,
cache.t2.small,1.55,1,,,,,
cache.m1.small,1.3,1,,,,,
cache.t4g.medium,3.09,2,,,,,
cache.t2.medium,3.22,2,,,,,
cache.t3.medium,3.09,2,,,,,
cache.m3.medium,2.78,1,,,,,
cache.m1.medium,3.35,1,,,,,
cache.m6g.large,6.38,2,,,,,
cache.m5.large,6.38,2,,,,,
cache.m4.large,6.42,2,,,,,
cache.m7g.large,6.38,2,,,,,
cache.m3.large,6.05,2,,,,,
cache.r6g.large,13.07,2,,,,,
cache.r5.large,13.07,2,,,,,
cache.r7g.large,13.07,2,,,,,
cache.m1.large,7.1,2,,,,,
cache.r3.large,13.5,2,,,,,
cache.r4.large,12.3,2,,,,,
cache.c7gn.large,3.09,2,,,,,
cache.m6g.xlarge,12.93,4,,,,,
cache.m2.xlarge,16.7,2,,,,,
cache.m4.xlarge,14.28,4,,,,,
cache.m5.xlarge,12.93,4,,,,,
cache.m7g.xlarge,12.93,4,,,,,
cache.m3.xlarge,13.3,4,,,,,
cache.r6g.xlarge,26.32,4,,,,,
cache.r5.xlarge,26.32,4,,,,,
cache.r7g.xlarge,26.32,4,,,,,
cache.m1.xlarge,14.6,4,,,,,
cache.r4.xlarge,25.05,4,,,,,
cache.r3.xlarge,28.4,4,,,,,
cache.c7gn.xlarge,6.38,4,,,,,
cache.m6g.2xlarge,26.04,8,,,,,
cache.m2.2xlarge,33.8,4,,,,,
cache.m5.2xlarge,26.04,8,,,,,
cache.m4.2xlarge,29.7,8,,,,,
cache.m7g.2xlarge,26.04,8,,,,,
cache.c1.xlarge,6.6,8,,,,,
cache.m3.2xlarge,27.9,8,,,,,
cache.r6g.2xlarge,52.82,8,,,,,
cache.r5.2xlarge,52.82,8,,,,,
cache.r7g.2xlarge,52.82,8,,,,,
cache.r4.2xlarge,50.47,8,,,,,
cache.r3.2xlarge,58.2,8,,,,,
cache.c7gn.2xlarge,12.94,8,,,,,
cache.m6g.4xlarge,52.26,16,,,,,
cache.m2.4xlarge,68,8,,,,,
cache.m5.4xlarge,52.26,16,,,,,
cache.m4.4xlarge,60.78,16,,,,,
cache.m7g.4xlarge,52.26,16,,,,,
cache.r6g.4xlarge,105.81,16,,,,,
cache.r5.4xlarge,105.81,16,,,,,
cache.r7g.4xlarge,105.81,16,,,,,
cache.r3.4xlarge,118,16,,,,,
cache.r4.4xlarge,101.38,16,,,,,
cache.c7gn.4xlarge,26.05,16,,,,,
cache.m6g.8xlarge,103.68,32,,,,,
cache.m7g.8xlarge,103.68,32,,,,,
cache.m4.10xlarge,154.64,40,,,,,
cache.r6g.8xlarge,209.55,32,,,,,
cache.r7g.8xlarge,209.55,32,,,,,
cache.m6g.12xlarge,157.12,48,,,,,
cache.r3.8xlarge,237,32,,,,,
cache.r4.8xlarge,203.26,32,,,,,
cache.m5.12xlarge,157.12,48,,,,,
cache.m7g.12xlarge,157.12,48,,,,,
cache.c7gn.8xlarge,52.26,32,,,,,
cache.m6g.16xlarge,209.55,64,,,,,
cache.r6g.12xlarge,317.77,48,,,,,
cache.m7g.16xlarge,209.55,64,,,,,
cache.r5.12xlarge,317.77,48,,,,,
cache.r7g.12xlarge,317.77,48,,,,,
cache.c7gn.12xlarge,78.56,48,,,,,
cache.r6g.16xlarge,419.09,64,,,,,
cache.r7g.16xlarge,419.09,64,,,,,
cache.r4.16xlarge,407,64,,,,,
cache.m5.24xlarge,314.32,96,,,,,
cache.c7gn.16xlarge,105.81,64,,,,,
cache.r5.24xlarge,635.61,96,,,,,
cache.r6gd.xlarge,26.32,4,,,,,
cache.r6gd.16xlarge,419.09,64,,,,,
cache.r6gd.12xlarge,317.77,48,,,,,
cache.r6gd.8xlarge,209.55,32,,,,,
cache.r6gd.4xlarge,105.81,16,,,,,
cache.r6gd.2xlarge,52.82,8,,,,,
dc2.large,15,2,,,,,
ra3.large,16,2,,,,,
ra3.xlplus,32,4,,,,,
ra3.4xlarge,96,12,,,,,
dc2.8xlarge,244,32,,,,,
ra3.16xlarge,384,48,,,,,
t2.micro.search,1,1,,,,,
t3.small.search,2,2,,,,,
t2.small.search,2,1,,,,,
m7g.medium.search,4,1,,,,,
t3.medium.search,4,2,,,,,
t2.medium.search,4,2,,,,,
r7g.medium.search,8,1,,,,,
m3.medium.search,3.75,1,,,,,
or2.medium.search,8,1,,,,,
or1.medium.search,8,1,,,,,
c6g.large.search,4,2,,,,,
r7gd.medium.search,8,1,,,,,
c7g.large.search,4,2,,,,,
c5.large.search,4,2,,,,,
m6g.large.search,8,2,,,,,
m7g.large.search,8,2,,,,,
m5.large.search,8,2,,,,,
c7i.large.search,4,2,,,,,
c4.large.search,3.75,2,,,,,
m4.large.search,8,2,,,,,
om2.large.search,8,2,,,,,
m7i.large.search,8,2,,,,,
r6g.large.search,16,2,,,,,
r7g.large.search,16,2,,,,,
r5.large.search,16,2,,,,,
m3.large.search,7.5,2,,,,,
r6gd.large.search,16,2,,,,,
r4.large.search,15.25,2,,,,,
or2.large.search,16,2,,,,,
or1.large.search,16,2,,,,,
r7i.large.search,16,2,,,,,
r7gd.large.search,16,2,,,,,
c6g.xlarge.search,8,4,,,,,
ultrawarm1.medium.search,15.25,2,,,,,
c7g.xlarge.search,8,4,,,,,
r3.large.search,15,2,,,,,
i4g.large.search,16,2,,,,,
i3.large.search,15.25,2,,,,,
c5.xlarge.search,8,4,,,,,
m6g.xlarge.search,16,4,,,,,
m7g.xlarge.search,16,4,,,,,
im4gn.large.search,8,2,,,,,
i4i.large.search,16,2,,,,,
m5.xlarge.search,16,4,,,,,
c7i.xlarge.search,8,4,,,,,
c4.xlarge.search,7.5,4,,,,,
m4.xlarge.search,16,4,,,,,
om2.xlarge.search,16,4,,,,,
m7i.xlarge.search,16,4,,,,,
r6g.xlarge.search,32,4,,,,,
r7g.xlarge.search,32,4,,,,,
r5.xlarge.search,32,4,,,,,
m3.xlarge.search,15,4,,,,,
r6gd.xlarge.search,32,4,,,,,
r4.xlarge.search,30.5,4,,,,,
or2.xlarge.search,32,4,,,,,
or1.xlarge.search,32,4,,,,,
r7i.xlarge.search,32,4,,,,,
c6g.2xlarge.search,16,8,,,,,
r7gd.xlarge.search,32,4,,,,,
c7g.2xlarge.search,16,8,,,,,
r3.xlarge.search,30.5,4,,,,,
i4g.xlarge.search,32,4,,,,,
i3.xlarge.search,30.5,4,,,,,
c5.2xlarge.search,16,8,,,,,
m6g.2xlarge.search,32,8,,,,,
m7g.2xlarge.search,32,8,,,,,
im4gn.xlarge.search,16,4,,,,,
i4i.xlarge.search,32,4,,,,,
m5.2xlarge.search,32,8,,,,,
c7i.2xlarge.search,16,8,,,,,
c4.2xlarge.search,15,8,,,,,
m4.2xlarge.search,32,8,,,,,
om2.2xlarge.search,32,8,,,,,
m7i.2xlarge.search,32,8,,,,,
r6g.2xlarge.search,64,8,,,,,
r7g.2xlarge.search,64,8,,,,,
r5.2xlarge.search,64,8,,,,,
m3.2xlarge.search,30,8,,,,,
r6gd.2xlarge.search,64,8,,,,,
r4.2xlarge.search,61,8,,,,,
or2.2xlarge.search,64,8,,,,,
or1.2xlarge.search,64,8,,,,,
r7i.2xlarge.search,64,8,,,,,
c6g.4xlarge.search,32,16,,,,,
r7gd.2xlarge.search,64,8,,,,,
c7g.4xlarge.search,32,16,,,,,
r3.2xlarge.search,61,8,,,,,
i4g.2xlarge.search,64,8,,,,,
i3.2xlarge.search,61,8,,,,,
c5.4xlarge.search,32,16,,,,,
m6g.4xlarge.search,64,16,,,,,
m7g.4xlarge.search,64,16,,,,,
im4gn.2xlarge.search,32,8,,,,,
i4i.2xlarge.search,64,8,,,,,
m5.4xlarge.search,64,16,,,,,
c7i.4xlarge.search,32,16,,,,,
c4.4xlarge.search,30,16,,,,,
i2.xlarge.search,30.5,4,,,,,
m4.4xlarge.search,64,16,,,,,
om2.4xlarge.search,64,16,,,,,
m7i.4xlarge.search,64,16,,,,,
r6g.4xlarge.search,128,16,,,,,
r7g.4xlarge.search,128,16,,,,,
r5.4xlarge.search,128,16,,,,,
r6gd.4xlarge.search,128,16,,,,,
r4.4xlarge.search,122,16,,,,,
or2.4xlarge.search,128,16,,,,,
or1.4xlarge.search,128,16,,,,,
r7i.4xlarge.search,128,16,,,,,
c6g.8xlarge.search,64,32,,,,,
r7gd.4xlarge.search,128,16,,,,,
c7g.8xlarge.search,64,32,,,,,
r3.4xlarge.search,122,16,,,,,
i4g.4xlarge.search,128,16,,,,,
i3.4xlarge.search,122,16,,,,,
m6g.8xlarge.search,128,32,,,,,
m7g.8xlarge.search,128,32,,,,,
im4gn.4xlarge.search,64,16,,,,,
i4i.4xlarge.search,128,16,,,,,
c5.9xlarge.search,72,36,,,,,
c7i.8xlarge.search,64,32,,,,,
c4.8xlarge.search,60,36,,,,,
i2.2xlarge.search,61,8,,,,,
om2.8xlarge.search,128,32,,,,,
m7i.8xlarge.search,128,32,,,,,
r6g.8xlarge.search,256,32,,,,,
ultrawarm1.large.search,122,16,,,,,
c6g.12xlarge.search,96,48,,,,,
r7g.8xlarge.search,256,32,,,,,
c7g.12xlarge.search,96,48,,,,,
m4.10xlarge.search,160,40,,,,,
r6gd.8xlarge.search,256,32,,,,,
m6g.12xlarge.search,192,48,,,,,
r4.8xlarge.search,244,32,,,,,
or2.8xlarge.search,256,32,,,,,
m7g.12xlarge.search,192,48,,,,,
or1.8xlarge.search,256,32,,,,,
r7i.8xlarge.search,256,32,,,,,
m5.12xlarge.search,192,48,,,,,
c7i.12xlarge.search,96,48,,,,,
r7gd.8xlarge.search,256,32,,,,,
om2.12xlarge.search,192,48,,,,,
c7g.16xlarge.search,128,64,,,,,
m7i.12xlarge.search,192,48,,,,,
r3.8xlarge.search,244,32,,,,,
i4g.8xlarge.search,256,32,,,,,
i3.8xlarge.search,244,32,,,,,
r6g.12xlarge.search,384,48,,,,,
r7g.12xlarge.search,384,48,,,,,
m7g.16xlarge.search,256,64,,,,,
im4gn.8xlarge.search,128,32,,,,,
i4i.8xlarge.search,256,32,,,,,
r5.12xlarge.search,384,48,,,,,
c5.18xlarge.search,144,72,,,,,
c7i.16xlarge.search,128,64,,,,,
r6gd.12xlarge.search,384,48,,,,,
or2.12xlarge.search,384,48,,,,,
om2.16xlarge.search,256,64,,,,,
or1.12xlarge.search,384,48,,,,,
r7i.12xlarge.search,384,48,,,,,
m7i.16xlarge.search,256,64,,,,,
r7gd.12xlarge.search,384,48,,,,,
r7g.16xlarge.search,512,64,,,,,
r6gd.16xlarge.search,512,64,,,,,
r4.16xlarge.search,488,64,,,,,
or2.16xlarge.search,512,64,,,,,
i4i.12xlarge.search,384,48,,,,,
or1.16xlarge.search,512,64,,,,,
r7i.16xlarge.search,512,64,,,,,
r7gd.16xlarge.search,512,64,,,,,
i4g.16xlarge.search,512,64,,,,,
i3.16xlarge.search,488,64,,,,,
im4gn.16xlarge.search,256,64,,,,,
i4i.16xlarge.search,512,64,,,,,
i4i.24xlarge.search,768,96,,,,,
i4i.32xlarge.search,1024,128,,,,,
Kafka.m5.large,8,2,,,,,
Kafka.m5.xlarge,16,4,,,,,
Kafka.t3.small,2,2,,,,,
